,time,open,high,low,close,volume
0,2021-08-04 00:00:00+00:00,25.0,50.0,25.0,35.799,19984.13356515
1,2021-08-05 00:00:00+00:00,35.72,38.3,35.58,37.35,33122.03414698
2,2021-08-06 00:00:00+00:00,37.388,40.444,35.71,39.535,28081.02777124
3,2021-08-07 00:00:00+00:00,39.402,40.96,37.5,39.333,27779.11963342
4,2021-08-08 00:00:00+00:00,39.45,39.517,36.846,37.715,14868.8506037
5,2021-08-09 00:00:00+00:00,37.714,39.974,36.384,38.767,34201.77059918
6,2021-08-10 00:00:00+00:00,38.687,41.66,38.266,40.7,33168.85721204
7,2021-08-11 00:00:00+00:00,40.69,43.9,40.69,41.7,36194.65760611
8,2021-08-11 00:00:00+00:00,40.69,43.9,40.69,41.7,36194.65760611
9,2021-08-12 00:00:00+00:00,41.701,43.373,39.4,41.136,24835.40441602
10,2021-08-13 00:00:00+00:00,41.136,46.875,40.724,44.949,39391.94458792
11,2021-08-14 00:00:00+00:00,44.839,44.914,42.768,44.278,28335.32271043
12,2021-08-15 00:00:00+00:00,44.209,54.6,43.584,54.19,105758.18799189
13,2021-08-16 00:00:00+00:00,54.073,70.1,52.4,62.207,185858.43141337
14,2021-08-17 00:00:00+00:00,62.207,77.0,58.758,64.256,261701.90845302
15,2021-08-18 00:00:00+00:00,64.01,80.538,59.72,72.752,328259.00510369
16,2021-08-19 00:00:00+00:00,72.591,75.43,68.29,72.842,165357.61341698
17,2021-08-20 00:00:00+00:00,72.738,79.98,70.918,78.726,94200.87507685
18,2021-08-21 00:00:00+00:00,78.643,81.895,72.68,73.876,77829.38242009
19,2021-08-22 00:00:00+00:00,73.964,77.54,71.263,72.629,57285.35644984
20,2021-08-23 00:00:00+00:00,72.748,76.72,71.574,75.63,61071.92905398
21,2021-08-24 00:00:00+00:00,75.71,79.396,68.592,70.587,114337.52955211
22,2021-08-25 00:00:00+00:00,70.5,72.74,66.135,71.993,76303.96843733
23,2021-08-26 00:00:00+00:00,72.0,78.637,66.278,74.714,133286.75439679
24,2021-08-27 00:00:00+00:00,74.99,88.948,72.206,88.041,237570.98241546
25,2021-08-28 00:00:00+00:00,87.916,98.222,85.558,96.009,154009.42647318
26,2021-08-29 00:00:00+00:00,96.105,97.8,90.143,94.267,138848.41960433
27,2021-08-30 00:00:00+00:00,94.248,118.996,93.653,110.145,317955.40541914
28,2021-08-31 00:00:00+00:00,110.369,130.499,103.102,108.234,494295.68203518
29,2021-09-01 00:00:00+00:00,108.235,119.681,105.98,110.784,260625.31145722
30,2021-09-02 00:00:00+00:00,110.722,133.682,108.962,128.23,308381.85277403
31,2021-09-03 00:00:00+00:00,128.277,148.982,128.118,146.287,416323.90703419
32,2021-09-04 00:00:00+00:00,146.274,150.614,135.823,138.976,227548.57721736
33,2021-09-05 00:00:00+00:00,138.976,145.0,134.77,142.059,213260.19571055
34,2021-09-06 00:00:00+00:00,142.065,166.076,137.011,164.276,301977.73408829
35,2021-09-07 00:00:00+00:00,164.244,195.5,132.0,173.434,793976.87138355
36,2021-09-08 00:00:00+00:00,173.44,198.0,146.512,191.2,602427.24452069
37,2021-09-09 00:00:00+00:00,190.977,215.755,180.721,187.852,591168.06430855
38,2021-09-10 00:00:00+00:00,187.958,197.268,168.025,179.433,372151.66962556
39,2021-09-11 00:00:00+00:00,179.491,193.425,175.291,179.208,290679.47105582
40,2021-09-12 00:00:00+00:00,179.133,181.635,170.172,174.327,169992.74144629
41,2021-09-13 00:00:00+00:00,174.277,174.949,150.359,169.624,396190.55223054
42,2021-09-14 00:00:00+00:00,169.624,171.927,142.5,158.743,351995.37179855
43,2021-09-15 00:00:00+00:00,158.778,166.443,153.75,158.739,240014.00046983
44,2021-09-16 00:00:00+00:00,158.823,163.068,147.392,152.17,223193.95422881
45,2021-09-17 00:00:00+00:00,152.257,153.469,133.908,147.491,397191.31585817
46,2021-09-18 00:00:00+00:00,147.532,171.501,144.134,169.3,543431.3317506
47,2021-09-19 00:00:00+00:00,169.312,170.914,150.696,152.778,212570.11003993
48,2021-09-20 00:00:00+00:00,152.872,153.387,130.219,132.738,456032.30163452
49,2021-09-21 00:00:00+00:00,132.754,144.84,115.926,124.223,439508.22556278
50,2021-09-22 00:00:00+00:00,124.261,151.489,122.149,148.156,375669.86064524
51,2021-09-23 00:00:00+00:00,148.02,152.42,143.0,149.969,242858.38008795
52,2021-09-24 00:00:00+00:00,149.876,151.26,128.1,139.16,260716.35179062
53,2021-09-25 00:00:00+00:00,139.171,144.14,133.467,136.002,117126.0892282
54,2021-09-26 00:00:00+00:00,136.019,140.722,124.689,135.708,165609.19891352
55,2021-09-27 00:00:00+00:00,135.615,148.932,133.732,136.428,218948.89256492
56,2021-09-28 00:00:00+00:00,136.291,139.348,128.065,132.158,167904.71788666
57,2021-09-29 00:00:00+00:00,132.115,140.131,131.166,135.267,179552.81248116
58,2021-09-30 00:00:00+00:00,135.271,142.891,134.056,141.457,145437.43373587
59,2021-10-01 00:00:00+00:00,141.427,164.999,138.275,161.713,300953.36389722
60,2021-10-02 00:00:00+00:00,161.612,174.933,156.171,168.991,204713.94042815
61,2021-10-03 00:00:00+00:00,169.009,177.792,165.515,173.0,179767.7862882
62,2021-10-04 00:00:00+00:00,172.999,172.999,162.101,167.033,202507.71627264
63,2021-10-05 00:00:00+00:00,167.116,170.097,160.0,164.587,191567.69342169
64,2021-10-06 00:00:00+00:00,164.649,165.433,150.151,153.845,229128.94272675
65,2021-10-07 00:00:00+00:00,153.882,161.45,150.403,154.307,202277.47465957
66,2021-10-08 00:00:00+00:00,154.367,168.9,152.425,158.791,247827.61887481
67,2021-10-09 00:00:00+00:00,158.808,161.477,154.027,156.852,104887.42700383
68,2021-10-10 00:00:00+00:00,156.834,158.457,145.524,147.684,139681.20535195
69,2021-10-11 00:00:00+00:00,147.576,153.952,140.292,144.953,169741.60508287
70,2021-10-12 00:00:00+00:00,144.876,153.426,137.604,152.403,240974.74575778
71,2021-10-13 00:00:00+00:00,152.335,155.503,144.2,147.972,135943.73216546
72,2021-10-14 00:00:00+00:00,148.034,155.726,147.309,150.065,151552.92827666
73,2021-10-15 00:00:00+00:00,149.991,165.37,146.755,163.188,286921.93072582
74,2021-10-16 00:00:00+00:00,163.225,164.75,156.383,157.498,124113.53246019
75,2021-10-17 00:00:00+00:00,157.582,167.55,152.985,160.112,178298.05181729
76,2021-10-18 00:00:00+00:00,160.113,162.89,154.889,157.263,136553.88530234
77,2021-10-19 00:00:00+00:00,157.146,159.403,153.045,155.804,101025.8506503
78,2021-10-20 00:00:00+00:00,155.854,176.82,155.132,176.82,218552.46340128
79,2021-10-21 00:00:00+00:00,176.777,194.38,176.777,190.476,415249.98108634
80,2021-10-22 00:00:00+00:00,190.504,215.062,188.104,196.169,434099.52261764
81,2021-10-23 00:00:00+00:00,196.273,205.735,192.1,197.756,196789.51585255
82,2021-10-24 00:00:00+00:00,197.748,204.944,185.194,202.38,226797.65376697
83,2021-10-25 00:00:00+00:00,202.233,218.948,198.129,209.687,265717.60902598
84,2021-10-26 00:00:00+00:00,209.771,214.164,196.383,199.799,170927.12873261
85,2021-10-27 00:00:00+00:00,199.859,205.488,181.2,184.27,285328.17015253
86,2021-10-28 00:00:00+00:00,184.4,201.408,181.539,195.547,202085.03856844
87,2021-10-29 00:00:00+00:00,195.415,205.135,194.503,200.387,183056.74887322
88,2021-10-30 00:00:00+00:00,200.365,200.599,187.307,195.704,126657.69819913
89,2021-10-31 00:00:00+00:00,195.775,205.0,185.462,202.583,153413.99650918
90,2021-11-01 00:00:00+00:00,202.578,211.553,197.761,203.925,186581.89712579
91,2021-11-02 00:00:00+00:00,203.925,222.292,200.9,220.967,183575.41127113
92,2021-11-03 00:00:00+00:00,220.878,246.465,215.83,243.437,348809.25033336
93,2021-11-04 00:00:00+00:00,243.527,250.499,234.163,246.878,246341.59210318
94,2021-11-05 00:00:00+00:00,247.018,248.391,230.432,236.056,171013.50897038
95,2021-11-06 00:00:00+00:00,236.086,259.8,234.781,258.483,192802.87257041
96,2021-11-07 00:00:00+00:00,258.507,258.662,245.784,249.444,166947.04023086
97,2021-11-08 00:00:00+00:00,249.534,253.058,240.58,248.247,226367.32182948
98,2021-11-09 00:00:00+00:00,248.249,252.996,237.5,238.983,198997.90833913
99,2021-11-10 00:00:00+00:00,238.983,247.95,216.712,233.204,332081.63814152
100,2021-11-11 00:00:00+00:00,233.204,246.353,229.5,233.425,206444.31220568
101,2021-11-12 00:00:00+00:00,233.358,239.0,220.914,228.541,208749.43430259
102,2021-11-13 00:00:00+00:00,228.45,241.867,224.89,241.621,159359.52960781
103,2021-11-14 00:00:00+00:00,241.536,242.0,230.283,238.777,113574.06517909
104,2021-11-15 00:00:00+00:00,238.637,246.359,234.51,238.104,128182.3700204
105,2021-11-16 00:00:00+00:00,238.126,238.156,212.2,219.146,225879.71106701
106,2021-11-17 00:00:00+00:00,219.109,222.268,209.85,218.879,210815.59463346
107,2021-11-18 00:00:00+00:00,218.93,222.732,186.52,195.164,313356.37592874
108,2021-11-19 00:00:00+00:00,195.182,219.572,189.2,215.203,314003.53942823
109,2021-11-20 00:00:00+00:00,215.276,221.1,205.995,217.621,192300.86633785
110,2021-11-21 00:00:00+00:00,217.645,235.4,210.548,230.417,220842.23639337
111,2021-11-22 00:00:00+00:00,230.613,231.857,211.601,215.599,268880.82595826
112,2021-11-23 00:00:00+00:00,215.611,226.0,211.007,221.819,191598.06962347
113,2021-11-24 00:00:00+00:00,221.887,222.457,200.0,205.756,238363.82556603
114,2021-11-25 00:00:00+00:00,205.75,216.352,201.926,210.016,232313.34940597
115,2021-11-26 00:00:00+00:00,210.024,210.49,182.791,192.401,297266.52701796
116,2021-11-27 00:00:00+00:00,192.331,199.415,190.61,193.029,155351.85096765
117,2021-11-28 00:00:00+00:00,192.966,201.925,181.0,200.77,215039.43645172
118,2021-11-29 00:00:00+00:00,200.687,212.803,199.776,204.07,224256.72713176
119,2021-11-30 00:00:00+00:00,204.094,218.258,199.519,208.286,241094.68948056
120,2021-12-01 00:00:00+00:00,208.495,232.388,207.852,229.74,311123.11179959
121,2021-12-02 00:00:00+00:00,229.788,243.125,220.114,233.679,374162.49593218
122,2021-12-03 00:00:00+00:00,233.625,239.424,201.5,211.609,419077.11692666
123,2021-12-04 00:00:00+00:00,211.504,212.549,151.0,200.72,520322.20877756
124,2021-12-05 00:00:00+00:00,200.769,204.488,181.188,196.238,299655.56483152
125,2021-12-06 00:00:00+00:00,196.525,197.56,175.071,193.639,413477.24796263
126,2021-12-07 00:00:00+00:00,193.564,204.004,187.884,190.286,252292.65351058
127,2021-12-08 00:00:00+00:00,190.172,196.137,183.324,194.541,189801.99652324
128,2021-12-09 00:00:00+00:00,194.588,196.559,178.55,181.203,190312.88028741
129,2021-12-10 00:00:00+00:00,181.197,184.544,167.124,167.421,207823.58270074
130,2021-12-11 00:00:00+00:00,167.442,173.735,161.384,172.048,190071.30549413
131,2021-12-12 00:00:00+00:00,172.116,176.884,167.556,172.748,131959.21517196
132,2021-12-13 00:00:00+00:00,172.827,172.827,148.0,155.073,281679.82015232
133,2021-12-14 00:00:00+00:00,155.191,163.227,149.569,161.24,204449.06856781
134,2021-12-15 00:00:00+00:00,161.215,182.565,156.75,178.432,343581.64845207
135,2021-12-16 00:00:00+00:00,178.432,189.0,174.249,176.793,248246.16236716
136,2021-12-17 00:00:00+00:00,176.841,182.4,168.036,175.408,224537.51021084
137,2021-12-18 00:00:00+00:00,175.538,184.2,170.985,182.824,142930.51226973
138,2021-12-19 00:00:00+00:00,182.83,189.315,178.237,179.88,139131.65617707
139,2021-12-20 00:00:00+00:00,179.92,181.279,168.495,173.938,182211.51295359
140,2021-12-21 00:00:00+00:00,173.993,182.464,170.307,179.641,177879.00941065
141,2021-12-22 00:00:00+00:00,179.703,187.592,177.0,178.367,222184.31243764
142,2021-12-23 00:00:00+00:00,178.419,193.582,175.55,190.166,247368.97381479
143,2021-12-24 00:00:00+00:00,190.171,197.498,183.884,190.336,281879.5685409
144,2021-12-25 00:00:00+00:00,190.339,195.099,189.15,192.958,165950.23973474
145,2021-12-26 00:00:00+00:00,192.958,200.569,190.153,197.789,212914.95004215
146,2021-12-27 00:00:00+00:00,197.893,204.879,194.671,195.618,245030.96129207
147,2021-12-28 00:00:00+00:00,195.693,195.693,176.217,177.276,371232.04735781
148,2021-12-29 00:00:00+00:00,177.276,180.568,170.07,170.476,231661.58416721
149,2021-12-30 00:00:00+00:00,170.639,175.743,168.184,172.551,177838.48214394
150,2021-12-31 00:00:00+00:00,172.559,177.604,167.631,169.865,161579.7643087
151,2022-01-01 00:00:00+00:00,169.958,179.214,169.931,179.072,113801.32984411
152,2022-01-02 00:00:00+00:00,179.069,179.499,174.307,176.296,130007.28280767
153,2022-01-03 00:00:00+00:00,176.296,176.414,166.597,170.05,157781.84537383
154,2022-01-04 00:00:00+00:00,170.146,173.828,166.305,167.75,182925.07720358
155,2022-01-05 00:00:00+00:00,167.694,171.357,143.866,154.48,266636.34689683
156,2022-01-06 00:00:00+00:00,154.448,154.804,146.219,150.233,238712.48765785
157,2022-01-07 00:00:00+00:00,150.283,150.732,133.0,136.381,338530.80854488
158,2022-01-08 00:00:00+00:00,136.402,148.09,133.0,142.144,358374.58581141
159,2022-01-09 00:00:00+00:00,142.162,145.7,137.529,140.746,218206.24349258
160,2022-01-10 00:00:00+00:00,140.782,143.588,130.0,135.815,214238.02874017
161,2022-01-11 00:00:00+00:00,135.801,143.444,133.255,140.12,183783.34142523
162,2022-01-12 00:00:00+00:00,140.121,153.27,138.202,151.397,307340.85640057
163,2022-01-13 00:00:00+00:00,151.388,157.788,145.513,146.144,331699.5406954
164,2022-01-14 00:00:00+00:00,146.185,150.571,141.901,146.102,255185.79315326
165,2022-01-15 00:00:00+00:00,146.102,149.502,143.894,147.603,168698.00544515
166,2022-01-16 00:00:00+00:00,147.6,151.967,146.086,147.917,163986.36675163
167,2022-01-17 00:00:00+00:00,147.975,148.256,137.039,139.828,221030.81157214
168,2022-01-18 00:00:00+00:00,139.821,142.672,134.353,141.24,212564.70209133
169,2022-01-19 00:00:00+00:00,141.319,142.647,132.723,135.224,248698.24693558
170,2022-01-20 00:00:00+00:00,135.276,143.791,126.101,127.5,241840.67322101
171,2022-01-21 00:00:00+00:00,127.481,128.765,106.093,112.309,671659.34770493
172,2022-01-22 00:00:00+00:00,112.216,114.2,87.527,94.601,699290.74299992
173,2022-01-23 00:00:00+00:00,94.621,104.709,93.201,99.761,502534.98050151
174,2022-01-24 00:00:00+00:00,99.742,99.874,80.81,91.909,780039.35771555
175,2022-01-25 00:00:00+00:00,91.928,99.951,87.873,94.59,521296.63855248
176,2022-01-26 00:00:00+00:00,94.671,104.6,89.201,92.112,649535.48822749
177,2022-01-27 00:00:00+00:00,92.071,94.573,85.644,89.545,554907.2805191
178,2022-01-28 00:00:00+00:00,89.512,93.511,87.209,91.362,468271.94093984
179,2022-01-29 00:00:00+00:00,91.362,98.887,90.5,96.182,331417.61950767
180,2022-01-30 00:00:00+00:00,96.179,97.706,91.391,93.295,214564.29802182
181,2022-01-31 00:00:00+00:00,93.293,101.39,89.202,99.53,393298.42994235
182,2022-02-01 00:00:00+00:00,99.513,113.614,99.045,110.021,807187.39201593
183,2022-02-02 00:00:00+00:00,110.021,112.324,96.986,101.869,797865.13247967
184,2022-02-03 00:00:00+00:00,101.868,103.089,94.024,101.924,614233.96469325
185,2022-02-04 00:00:00+00:00,101.941,112.866,100.313,112.628,606323.89387247
186,2022-02-05 00:00:00+00:00,112.628,118.602,110.239,113.7,412204.75213362
187,2022-02-06 00:00:00+00:00,113.729,116.065,111.32,115.227,234206.55694992
188,2022-02-07 00:00:00+00:00,115.281,121.955,112.744,117.53,459777.07969573
189,2022-02-08 00:00:00+00:00,117.583,120.336,109.547,113.41,523569.73790418
190,2022-02-09 00:00:00+00:00,113.399,117.06,109.361,113.982,347582.46630887
191,2022-02-10 00:00:00+00:00,113.996,114.889,105.553,106.106,433989.57231371
192,2022-02-11 00:00:00+00:00,106.13,108.203,95.136,96.536,392162.7240758
193,2022-02-12 00:00:00+00:00,96.499,99.8,92.875,95.959,273314.98071899
194,2022-02-13 00:00:00+00:00,95.954,97.371,91.321,92.879,187387.6620771
195,2022-02-14 00:00:00+00:00,92.87,97.922,90.734,96.376,270310.05928425
196,2022-02-15 00:00:00+00:00,96.433,105.751,96.39,105.485,333166.25919232
197,2022-02-16 00:00:00+00:00,105.575,105.575,98.12,101.877,254812.92709862
198,2022-02-17 00:00:00+00:00,101.865,102.805,92.311,93.503,274807.17629651
199,2022-02-18 00:00:00+00:00,93.544,96.337,89.291,89.894,197749.09003464
200,2022-02-19 00:00:00+00:00,89.894,92.743,88.611,91.264,211989.35155068
201,2022-02-20 00:00:00+00:00,91.285,93.981,85.645,90.707,300872.04996648
202,2022-02-21 00:00:00+00:00,90.651,96.112,82.7,82.972,431695.57688687
203,2022-02-22 00:00:00+00:00,82.978,87.536,81.02,86.378,348769.25510609
204,2022-02-23 00:00:00+00:00,86.385,93.335,84.326,84.55,452806.28490681
205,2022-02-24 00:00:00+00:00,84.549,93.879,75.178,89.335,1082817.04968602
206,2022-02-25 00:00:00+00:00,89.351,95.0,86.802,92.738,432589.56433168
207,2022-02-26 00:00:00+00:00,92.75,95.108,89.264,90.196,291170.02752906
208,2022-02-27 00:00:00+00:00,90.239,92.189,84.033,85.6,298407.74200343
209,2022-02-28 00:00:00+00:00,85.664,102.6,84.201,99.695,437858.65014244
210,2022-03-01 00:00:00+00:00,99.699,102.0,94.269,98.633,418157.34265489
211,2022-03-02 00:00:00+00:00,98.685,106.444,96.776,100.696,450894.72583099
212,2022-03-03 00:00:00+00:00,100.743,101.739,94.0,95.646,279517.87168015
213,2022-03-04 00:00:00+00:00,95.625,96.0,86.923,88.304,280747.05019819
214,2022-03-05 00:00:00+00:00,88.322,91.206,85.95,89.623,171914.10665901
215,2022-03-06 00:00:00+00:00,89.654,89.924,84.066,84.562,160531.60603931
216,2022-03-07 00:00:00+00:00,84.576,86.709,79.887,81.665,291122.23413769
217,2022-03-08 00:00:00+00:00,81.665,85.032,81.299,82.339,266564.50457469
218,2022-03-09 00:00:00+00:00,82.321,89.9,81.924,88.078,476429.29828912
219,2022-03-10 00:00:00+00:00,88.08,88.599,80.592,82.883,289519.03213945
220,2022-03-11 00:00:00+00:00,82.892,84.302,80.065,80.68,241614.43200842
221,2022-03-12 00:00:00+00:00,80.702,82.751,80.54,81.387,128929.38078303
222,2022-03-13 00:00:00+00:00,81.405,83.35,77.724,78.696,150965.62407227
223,2022-03-14 00:00:00+00:00,78.742,82.278,78.0,81.23,211318.00610839
224,2022-03-15 00:00:00+00:00,81.235,85.989,78.705,82.838,236262.63236545
225,2022-03-16 00:00:00+00:00,82.813,87.985,81.549,87.797,322282.73615921
226,2022-03-17 00:00:00+00:00,87.78,90.98,86.55,87.807,283413.87255296
227,2022-03-18 00:00:00+00:00,87.805,92.277,84.423,89.774,289820.46283475
228,2022-03-19 00:00:00+00:00,89.779,94.557,89.268,92.379,304543.04986363
229,2022-03-20 00:00:00+00:00,92.309,92.542,87.879,88.633,217078.06130826
230,2022-03-21 00:00:00+00:00,88.629,91.256,86.751,88.55,226006.81563795
231,2022-03-22 00:00:00+00:00,88.547,93.97,87.952,90.431,299660.30650175
232,2022-03-23 00:00:00+00:00,90.428,96.301,89.198,94.887,315930.72924513
233,2022-03-24 00:00:00+00:00,94.888,103.708,93.435,102.296,458674.2016989
234,2022-03-25 00:00:00+00:00,102.277,104.817,97.097,98.639,403666.23799117
235,2022-03-26 00:00:00+00:00,98.611,103.381,97.636,101.766,240130.02272066
236,2022-03-27 00:00:00+00:00,101.8,107.445,98.769,107.075,286999.00287804
237,2022-03-28 00:00:00+00:00,107.05,114.061,105.21,105.755,582228.47614068
238,2022-03-29 00:00:00+00:00,105.678,115.68,105.466,111.631,557667.33722563
239,2022-03-30 00:00:00+00:00,111.625,125.197,107.0,120.786,692923.88512243
240,2022-03-31 00:00:00+00:00,120.777,129.529,119.916,122.846,798475.19845418
241,2022-04-01 00:00:00+00:00,122.828,138.413,117.452,134.413,966548.8673056
242,2022-04-02 00:00:00+00:00,134.456,143.504,131.535,132.542,618159.40246338
243,2022-04-03 00:00:00+00:00,132.444,141.169,130.515,136.908,649219.3604965
244,2022-04-04 00:00:00+00:00,136.947,138.242,125.772,132.07,634566.82899248
245,2022-04-05 00:00:00+00:00,132.122,136.652,126.061,126.833,515606.71187653
246,2022-04-06 00:00:00+00:00,126.916,127.437,112.01,112.99,817673.76577913
247,2022-04-07 00:00:00+00:00,112.957,119.998,110.849,118.508,625822.59995255
248,2022-04-08 00:00:00+00:00,118.478,122.441,108.137,110.004,625403.91978826
249,2022-04-09 00:00:00+00:00,110.003,113.713,108.297,113.021,321527.03701911
250,2022-04-10 00:00:00+00:00,113.02,116.0,109.787,110.966,313928.41433022
251,2022-04-11 00:00:00+00:00,111.052,111.96,98.038,99.664,709868.36592466
252,2022-04-12 00:00:00+00:00,99.665,109.311,98.379,103.288,666330.1539628
253,2022-04-13 00:00:00+00:00,103.305,106.148,100.04,104.956,486003.48086591
254,2022-04-14 00:00:00+00:00,104.923,107.82,98.789,100.784,432737.59896998
255,2022-04-15 00:00:00+00:00,100.767,103.0,99.541,101.291,315747.63259117
256,2022-04-16 00:00:00+00:00,101.388,103.464,100.657,102.108,238907.88617085
257,2022-04-17 00:00:00+00:00,102.108,105.452,99.623,100.151,281051.65707471
258,2022-04-18 00:00:00+00:00,100.179,102.64,94.707,102.375,529678.68676812
259,2022-04-19 00:00:00+00:00,102.381,108.804,101.065,108.525,475197.00988728
260,2022-04-20 00:00:00+00:00,108.522,110.974,104.0,105.608,388295.193792
261,2022-04-21 00:00:00+00:00,105.609,109.967,99.594,101.758,489097.92260614
262,2022-04-22 00:00:00+00:00,101.787,103.55,99.228,100.584,347308.02269307
263,2022-04-23 00:00:00+00:00,100.584,102.915,98.283,100.641,227043.22781835
264,2022-04-24 00:00:00+00:00,100.601,102.255,98.576,99.204,237273.09586708
265,2022-04-25 00:00:00+00:00,99.228,101.59,94.336,100.956,509987.3616575
266,2022-04-26 00:00:00+00:00,100.967,102.0,94.609,95.766,430250.89582974
267,2022-04-27 00:00:00+00:00,95.736,100.85,94.911,98.375,360762.67980325
268,2022-04-28 00:00:00+00:00,98.351,100.546,96.25,98.231,361145.80806743
269,2022-04-29 00:00:00+00:00,98.23,98.665,92.33,93.953,382206.00435206
270,2022-04-30 00:00:00+00:00,93.953,94.954,81.84,84.617,405292.30401223
271,2022-05-01 00:00:00+00:00,84.602,93.1,84.1,89.749,488390.74438948
272,2022-05-02 00:00:00+00:00,89.688,90.856,85.104,87.479,353845.39081262
273,2022-05-03 00:00:00+00:00,87.48,88.815,84.63,85.857,313553.84359414
274,2022-05-04 00:00:00+00:00,85.884,93.094,85.475,92.789,351869.25751696
275,2022-05-05 00:00:00+00:00,92.799,95.252,81.276,84.521,533547.98618333
276,2022-05-06 00:00:00+00:00,84.513,84.85,79.903,81.719,461733.00295658
277,2022-05-07 00:00:00+00:00,81.691,82.329,77.028,78.833,394848.88049616
278,2022-05-08 00:00:00+00:00,78.842,79.352,73.68,75.388,502507.37088307
279,2022-05-09 00:00:00+00:00,75.407,77.21,61.709,62.134,1099842.36314756
280,2022-05-10 00:00:00+00:00,62.134,74.062,60.114,66.871,1192924.58757166
281,2022-05-11 00:00:00+00:00,66.901,68.459,43.308,50.876,2102847.49752255
282,2022-05-12 00:00:00+00:00,50.911,54.548,37.496,44.733,2062726.39442832
283,2022-05-13 00:00:00+00:00,44.733,56.483,43.869,48.933,921944.82947763
284,2022-05-14 00:00:00+00:00,48.908,53.9,45.924,52.443,630854.29356603
285,2022-05-15 00:00:00+00:00,52.443,59.348,49.632,58.844,569553.65310162
286,2022-05-16 00:00:00+00:00,58.803,58.807,51.918,53.783,712816.77919263
287,2022-05-17 00:00:00+00:00,53.796,58.852,53.025,57.046,712358.2481387
288,2022-05-18 00:00:00+00:00,57.043,57.861,49.356,49.932,931511.75568805
289,2022-05-19 00:00:00+00:00,49.93,54.099,48.191,52.199,1200246.31768715
290,2022-05-20 00:00:00+00:00,52.21,53.678,47.8,49.424,906704.58472309
291,2022-05-21 00:00:00+00:00,49.433,51.221,48.422,50.33,508223.19994032
292,2022-05-22 00:00:00+00:00,50.312,53.5,49.7,52.47,450958.5801762
293,2022-05-23 00:00:00+00:00,52.45,54.681,48.605,49.16,827843.83450425
294,2022-05-24 00:00:00+00:00,49.171,50.848,47.086,49.686,783405.01773019
295,2022-05-25 00:00:00+00:00,49.677,50.558,47.564,47.973,809784.89606657
296,2022-05-26 00:00:00+00:00,47.97,48.654,41.651,43.45,1293421.68977373
297,2022-05-27 00:00:00+00:00,43.44,43.947,39.965,41.185,1314696.55222546
298,2022-05-28 00:00:00+00:00,41.185,45.077,40.333,44.255,624740.82244021
299,2022-05-29 00:00:00+00:00,44.256,45.637,41.8,45.004,715081.89560778
300,2022-05-30 00:00:00+00:00,45.007,48.5,44.272,47.211,1013711.74943066
301,2022-05-31 00:00:00+00:00,47.222,48.273,44.568,45.783,927848.52537319
302,2022-06-01 00:00:00+00:00,45.781,46.127,39.525,40.121,1035223.75267094
303,2022-06-02 00:00:00+00:00,40.113,41.675,38.132,40.861,1000348.34740238
304,2022-06-03 00:00:00+00:00,40.855,41.554,37.66,38.264,814374.91330656
305,2022-06-04 00:00:00+00:00,38.266,39.549,35.67,39.008,712446.19855483
306,2022-06-05 00:00:00+00:00,39.015,40.225,37.851,38.535,647448.97538369
307,2022-06-06 00:00:00+00:00,38.537,44.83,38.359,42.387,1282747.19349417
308,2022-06-07 00:00:00+00:00,42.373,42.749,37.164,39.283,1392011.29189749
309,2022-06-08 00:00:00+00:00,39.288,40.953,38.293,38.812,830654.70132978
310,2022-06-09 00:00:00+00:00,38.821,41.935,38.42,39.94,971878.80836912
311,2022-06-10 00:00:00+00:00,39.949,40.879,36.766,37.136,907518.98471946
312,2022-06-11 00:00:00+00:00,37.146,37.914,33.147,33.911,780104.29677834
313,2022-06-12 00:00:00+00:00,33.92,34.517,30.554,30.589,1109509.65772864
314,2022-06-13 00:00:00+00:00,30.589,31.124,26.032,28.596,2502700.86756089
315,2022-06-14 00:00:00+00:00,28.595,32.26,25.843,29.557,1848816.75487536
316,2022-06-15 00:00:00+00:00,29.574,34.924,26.741,34.746,2060923.40679207
317,2022-06-16 00:00:00+00:00,34.736,36.093,29.527,30.102,1948102.2279922
318,2022-06-17 00:00:00+00:00,30.107,32.116,29.245,30.706,1448661.85843944
319,2022-06-18 00:00:00+00:00,30.724,32.026,27.136,31.972,1500576.75997892
320,2022-06-19 00:00:00+00:00,31.984,35.477,28.702,34.197,1728523.49239914
321,2022-06-20 00:00:00+00:00,34.193,36.889,31.736,35.255,1784992.62704588
322,2022-06-21 00:00:00+00:00,35.253,39.161,34.216,36.41,1790807.08239556
323,2022-06-22 00:00:00+00:00,36.429,36.88,33.644,34.135,1538289.0069667
324,2022-06-23 00:00:00+00:00,34.148,38.648,33.917,38.152,1412159.75575593
325,2022-06-24 00:00:00+00:00,38.157,42.919,37.668,41.904,1310589.31132201
326,2022-06-25 00:00:00+00:00,41.889,42.63,39.743,42.218,944481.19302711
327,2022-06-26 00:00:00+00:00,42.225,42.496,39.136,39.393,847411.58254905
328,2022-06-27 00:00:00+00:00,39.384,41.279,37.91,38.509,926079.65388041
329,2022-06-28 00:00:00+00:00,38.513,39.92,35.076,35.333,1246892.19822014
330,2022-06-29 00:00:00+00:00,35.327,36.12,33.105,34.057,1391556.50547462
331,2022-06-30 00:00:00+00:00,34.059,34.206,30.833,33.775,1427914.62803885
332,2022-07-01 00:00:00+00:00,33.773,35.424,31.828,32.838,1053598.25069559
333,2022-07-02 00:00:00+00:00,32.851,34.15,31.873,33.362,713452.68382926
334,2022-07-03 00:00:00+00:00,33.367,33.692,32.046,33.403,588295.94238165
335,2022-07-04 00:00:00+00:00,33.396,36.941,32.449,36.725,704492.06780426
336,2022-07-05 00:00:00+00:00,36.716,36.99,33.115,35.387,1233643.15230422
337,2022-07-06 00:00:00+00:00,35.394,37.642,34.81,37.057,1180546.48046142
338,2022-07-07 00:00:00+00:00,37.049,39.27,36.399,38.442,1001122.78367021
339,2022-07-08 00:00:00+00:00,38.46,39.7,36.471,38.137,1242076.11286041
340,2022-07-09 00:00:00+00:00,38.127,38.954,37.773,38.065,499863.20432805
341,2022-07-10 00:00:00+00:00,38.063,38.142,36.279,36.711,485691.88394706
342,2022-07-11 00:00:00+00:00,36.715,36.741,33.252,33.436,880669.07975097
343,2022-07-12 00:00:00+00:00,33.43,34.602,32.598,32.685,830211.7603709
344,2022-07-13 00:00:00+00:00,32.683,35.091,31.841,34.959,1018070.99947169
345,2022-07-14 00:00:00+00:00,34.939,37.335,33.58,37.157,779718.11507396
346,2022-07-15 00:00:00+00:00,37.138,39.269,36.525,37.367,795818.37657567
347,2022-07-16 00:00:00+00:00,37.367,40.4,36.347,39.586,636468.61259666
348,2022-07-17 00:00:00+00:00,39.596,41.091,38.158,38.618,559909.19850736
349,2022-07-18 00:00:00+00:00,38.618,44.094,38.563,43.529,1015727.17827911
350,2022-07-19 00:00:00+00:00,43.529,47.35,42.539,44.871,1483949.89368047
351,2022-07-20 00:00:00+00:00,44.866,46.3,41.266,42.045,1022536.65651352
352,2022-07-21 00:00:00+00:00,42.033,44.07,39.658,43.096,837394.55469621
353,2022-07-22 00:00:00+00:00,43.102,44.317,40.025,40.521,673231.95510089
354,2022-07-23 00:00:00+00:00,40.527,41.926,38.626,39.964,510571.44317395
355,2022-07-24 00:00:00+00:00,39.968,42.096,39.486,40.931,397947.16558795
356,2022-07-25 00:00:00+00:00,40.931,41.094,36.564,36.658,713780.49986195
357,2022-07-26 00:00:00+00:00,36.658,36.845,34.676,36.255,767541.37945125
358,2022-07-27 00:00:00+00:00,36.255,40.56,35.678,40.23,818864.85154835
359,2022-07-28 00:00:00+00:00,40.228,44.159,38.963,42.91,955618.08241284
360,2022-07-29 00:00:00+00:00,42.92,44.424,41.106,41.918,891335.18481902
361,2022-07-30 00:00:00+00:00,41.926,46.651,41.438,43.839,886827.11176576
362,2022-07-31 00:00:00+00:00,43.847,45.196,42.208,42.361,651970.81242069
363,2022-08-01 00:00:00+00:00,42.338,43.245,40.5,41.632,572856.51077235
364,2022-08-02 00:00:00+00:00,41.628,42.447,39.5,39.758,649913.88067576
365,2022-08-03 00:00:00+00:00,39.771,40.97,37.445,38.549,1310346.17281127
366,2022-08-04 00:00:00+00:00,38.549,39.847,37.939,38.834,594101.21290919
367,2022-08-05 00:00:00+00:00,38.835,41.338,38.702,40.568,640271.94137054
368,2022-08-06 00:00:00+00:00,40.571,40.9,39.858,40.062,325566.83888778
369,2022-08-07 00:00:00+00:00,40.06,41.583,39.188,40.62,331769.17165186
370,2022-08-08 00:00:00+00:00,40.611,43.736,40.557,42.207,542824.22757165
371,2022-08-09 00:00:00+00:00,42.181,42.76,39.703,40.336,408634.56435434
372,2022-08-10 00:00:00+00:00,40.334,42.867,39.136,42.461,709606.02395665
373,2022-08-11 00:00:00+00:00,42.463,45.329,42.345,42.772,855757.2117272
374,2022-08-12 00:00:00+00:00,42.776,45.495,42.12,45.467,513587.40270577
375,2022-08-13 00:00:00+00:00,45.477,48.362,45.269,46.592,761008.39392822
376,2022-08-14 00:00:00+00:00,46.595,48.107,44.477,44.858,519626.14633303
377,2022-08-15 00:00:00+00:00,44.85,47.252,42.674,43.717,622052.77561687
378,2022-08-16 00:00:00+00:00,43.708,44.3,42.538,43.083,464764.27645798
379,2022-08-17 00:00:00+00:00,43.081,44.737,40.177,40.542,596549.79421857
380,2022-08-18 00:00:00+00:00,40.541,41.652,39.301,39.521,442738.94999337
381,2022-08-19 00:00:00+00:00,39.51,39.57,35.001,35.822,956414.14059034
382,2022-08-20 00:00:00+00:00,35.823,37.265,34.174,35.29,709791.76864696
383,2022-08-21 00:00:00+00:00,35.29,37.061,34.52,36.473,458387.13014372
384,2022-08-22 00:00:00+00:00,36.477,36.563,33.75,35.425,663306.12718009
385,2022-08-23 00:00:00+00:00,35.423,36.106,34.251,35.665,418844.35612083
386,2022-08-24 00:00:00+00:00,35.688,36.405,34.317,34.88,483818.29791414
387,2022-08-25 00:00:00+00:00,34.88,36.501,34.864,35.268,363736.56305961
388,2022-08-26 00:00:00+00:00,35.27,35.798,31.37,31.729,787749.459236
389,2022-08-27 00:00:00+00:00,31.723,32.25,30.867,31.513,473944.74507541
390,2022-08-28 00:00:00+00:00,31.526,32.2,30.2,30.428,357086.74654153
391,2022-08-29 00:00:00+00:00,30.421,32.639,30.0,32.421,513901.9180111
392,2022-08-30 00:00:00+00:00,32.419,33.153,30.62,31.468,599929.29253283
393,2022-08-31 00:00:00+00:00,31.476,32.957,31.185,31.506,585710.42204292
394,2022-09-01 00:00:00+00:00,31.505,31.78,30.254,31.621,421196.91393735
395,2022-09-02 00:00:00+00:00,31.623,32.381,30.78,31.229,467333.41365521
396,2022-09-03 00:00:00+00:00,31.227,31.3,30.778,31.126,184292.15403386
397,2022-09-04 00:00:00+00:00,31.126,32.203,31.03,32.165,263873.66930146
398,2022-09-05 00:00:00+00:00,32.165,32.505,31.15,32.159,269600.69581466
399,2022-09-06 00:00:00+00:00,32.17,33.874,30.397,30.883,778150.68532177
400,2022-09-07 00:00:00+00:00,30.883,32.948,30.308,32.695,584926.61689006
401,2022-09-08 00:00:00+00:00,32.696,33.969,31.997,33.605,799606.09697559
402,2022-09-09 00:00:00+00:00,33.61,35.954,33.594,34.68,665740.90159534
403,2022-09-10 00:00:00+00:00,34.681,35.401,34.263,35.041,280626.90409344
404,2022-09-11 00:00:00+00:00,35.039,36.021,34.055,35.01,312068.36390991
405,2022-09-12 00:00:00+00:00,35.001,38.38,34.409,37.443,764152.72977776
406,2022-09-13 00:00:00+00:00,37.441,38.999,32.92,32.981,978068.08677185
407,2022-09-14 00:00:00+00:00,32.983,34.352,32.653,34.117,466150.89865914
408,2022-09-15 00:00:00+00:00,34.123,34.849,32.393,33.065,613515.17374505
409,2022-09-16 00:00:00+00:00,33.084,33.257,31.502,32.248,396379.34306964
410,2022-09-17 00:00:00+00:00,32.247,33.893,32.229,33.678,267404.08096264
411,2022-09-18 00:00:00+00:00,33.694,33.988,30.811,31.091,362716.71359789
412,2022-09-19 00:00:00+00:00,31.097,33.083,30.5,32.629,534714.10572331
413,2022-09-20 00:00:00+00:00,32.632,32.88,31.284,31.415,273033.85222606
414,2022-09-21 00:00:00+00:00,31.419,33.49,30.0,30.649,618346.01981851
415,2022-09-22 00:00:00+00:00,30.653,32.882,30.58,32.408,398149.65700065
416,2022-09-23 00:00:00+00:00,32.415,33.963,31.212,33.656,471676.84728767
417,2022-09-24 00:00:00+00:00,33.66,34.88,33.146,33.373,375763.72400399
418,2022-09-25 00:00:00+00:00,33.376,34.042,31.864,32.333,279566.22132321
419,2022-09-26 00:00:00+00:00,32.327,33.951,31.866,33.876,407185.26161303
420,2022-09-27 00:00:00+00:00,33.888,35.417,32.085,32.683,542780.83892718
421,2022-09-28 00:00:00+00:00,32.692,33.812,31.64,33.222,468320.50704107
422,2022-09-29 00:00:00+00:00,33.226,34.42,32.643,33.928,534554.9652737
423,2022-09-30 00:00:00+00:00,33.928,35.207,32.623,33.244,613487.64513428
424,2022-10-01 00:00:00+00:00,33.244,33.244,32.333,32.439,228267.1015
425,2022-10-02 00:00:00+00:00,32.44,33.01,31.895,32.064,277685.1344857
426,2022-10-03 00:00:00+00:00,32.064,33.261,31.735,32.895,350391.2882672
427,2022-10-04 00:00:00+00:00,32.896,34.391,32.839,34.101,367410.78396528
428,2022-10-05 00:00:00+00:00,34.102,34.371,33.189,34.04,325539.66407478
429,2022-10-06 00:00:00+00:00,34.041,34.5,33.226,33.353,425691.22635718
430,2022-10-07 00:00:00+00:00,33.352,33.762,32.432,32.98,296164.30421133
431,2022-10-08 00:00:00+00:00,32.973,33.077,32.35,32.578,126865.67172644
432,2022-10-09 00:00:00+00:00,32.583,33.123,32.454,32.917,133696.3887
433,2022-10-10 00:00:00+00:00,32.918,33.461,31.882,31.951,256998.98189411
434,2022-10-11 00:00:00+00:00,31.95,31.95,30.416,30.799,407078.61595921
435,2022-10-12 00:00:00+00:00,30.796,31.534,30.678,31.149,212703.4375
436,2022-10-13 00:00:00+00:00,31.151,31.215,27.885,30.491,1078222.11172934
437,2022-10-14 00:00:00+00:00,30.49,31.973,29.635,29.994,588572.10723415
438,2022-10-15 00:00:00+00:00,29.994,30.202,29.432,29.601,263023.95713183
439,2022-10-16 00:00:00+00:00,29.601,30.531,29.567,30.158,219860.6973
440,2022-10-17 00:00:00+00:00,30.158,31.287,29.828,31.21,386689.35066742
441,2022-10-18 00:00:00+00:00,31.209,31.48,29.732,30.144,427223.7702
442,2022-10-19 00:00:00+00:00,30.139,30.265,28.605,28.848,567042.87766472
443,2022-10-20 00:00:00+00:00,28.85,29.471,27.987,28.006,536416.82903142
444,2022-10-21 00:00:00+00:00,28.008,28.273,26.831,28.098,645591.3149973
445,2022-10-22 00:00:00+00:00,28.102,28.23,27.485,28.005,207913.8505
446,2022-10-23 00:00:00+00:00,28.005,29.459,27.731,29.268,523894.70964306
447,2022-10-24 00:00:00+00:00,29.269,29.5,28.163,28.311,480058.9298
448,2022-10-25 00:00:00+00:00,28.311,32.327,28.057,30.861,1211781.41646299
449,2022-10-26 00:00:00+00:00,30.861,32.171,30.622,31.284,1013648.40403928
450,2022-10-27 00:00:00+00:00,31.284,32.353,30.457,30.574,854590.38824206
451,2022-10-28 00:00:00+00:00,30.586,32.542,30.106,32.06,707653.59232526
452,2022-10-29 00:00:00+00:00,32.059,33.84,31.859,32.868,668433.7984
453,2022-10-30 00:00:00+00:00,32.868,33.539,31.936,32.934,466961.14101666
454,2022-10-31 00:00:00+00:00,32.934,34.394,32.212,32.56,670123.3450279
455,2022-11-01 00:00:00+00:00,32.563,33.396,32.15,32.206,372222.6043
456,2022-11-02 00:00:00+00:00,32.21,32.949,30.213,30.81,740567.62366459
457,2022-11-03 00:00:00+00:00,30.806,32.245,30.609,30.849,480469.86319039
458,2022-11-04 00:00:00+00:00,30.844,34.197,30.651,33.726,676483.04112124
459,2022-11-05 00:00:00+00:00,33.737,38.782,33.658,36.899,1317627.61620668
460,2022-11-06 00:00:00+00:00,36.9,37.058,32.303,32.614,875661.14964639
461,2022-11-07 00:00:00+00:00,32.609,33.135,28.098,29.622,1454569.82715789
462,2022-11-08 00:00:00+00:00,29.622,31.729,20.0,24.368,3942908.81444292
463,2022-11-09 00:00:00+00:00,24.37,24.37,12.334,14.091,4654400.51415997
464,2022-11-10 00:00:00+00:00,14.059,19.057,13.18,17.651,3124543.17049797
465,2022-11-11 00:00:00+00:00,17.648,18.28,15.1,15.684,985937.18525695
