time,open,high,low,close,tick_volume,spread,real_volume
2016-01-20,0.93069,0.93613,0.92613,0.9336,48808,0,55052295000
2016-01-21,0.93359,0.93797,0.92285,0.93128,114782,0,129114125000
2016-01-22,0.93131,0.93441,0.91375,0.91422,90937,30,104751798000
2016-01-25,0.9157,0.92348,0.91383,0.92197,64349,0,75627250000
2016-01-26,0.92192,0.92331,0.91249,0.91718,112158,23,30711250000
2016-01-27,0.91707,0.91979,0.90566,0.90628,161280,22,0
2016-01-28,0.90628,0.91222,0.90436,0.91092,154466,22,0
2016-01-29,0.91328,0.91519,0.90408,0.90542,133125,22,9063000000
2016-02-01,0.90565,0.91437,0.90268,0.91287,173098,0,0
2016-02-02,0.91283,0.91845,0.90709,0.91543,157837,22,0
2016-02-03,0.91537,0.92573,0.91448,0.91827,178942,22,0
2016-02-04,0.91838,0.9254,0.91502,0.92424,165370,22,0
2016-02-05,0.92439,0.92712,0.91425,0.92131,145914,22,0
2016-02-08,0.91946,0.92483,0.91837,0.92268,168442,22,0
2016-02-09,0.92248,0.92324,0.91294,0.91972,213763,22,0
2016-02-10,0.91973,0.93166,0.9182,0.93063,206655,22,0
2016-02-11,0.93063,0.93674,0.91996,0.93562,236583,22,0
2016-02-12,0.93557,0.93803,0.91538,0.91692,187589,22,0
2016-02-15,0.91618,0.92332,0.91598,0.91943,210175,23,0
2016-02-16,0.91938,0.92008,0.90492,0.91177,205816,22,0
2016-02-17,0.91178,0.91378,0.90564,0.90617,196915,22,0
2016-02-18,0.90617,0.91258,0.90417,0.91173,174611,22,0
2016-02-19,0.91173,0.91445,0.90798,0.91258,159146,22,0
2016-02-22,0.91567,0.92098,0.91241,0.91815,151178,22,0
2016-02-23,0.91813,0.92259,0.91516,0.91578,170061,22,0
2016-02-24,0.91542,0.91634,0.91067,0.91168,166486,22,0
2016-02-25,0.91168,0.91474,0.90718,0.90921,172444,22,0
2016-02-26,0.90912,0.9169,0.89503,0.89547,163807,22,0
2016-02-29,0.89063,0.89777,0.88861,0.89223,167694,22,0
2016-03-01,0.89223,0.89517,0.88513,0.88798,169767,22,0
2016-03-02,0.88798,0.89711,0.88754,0.89542,164138,22,0
2016-03-03,0.89533,0.90529,0.89372,0.90082,151177,22,0
2016-03-04,0.90083,0.91168,0.89978,0.90723,150169,0,0
2016-03-07,0.90487,0.90804,0.89902,0.90322,126717,23,0
2016-03-08,0.90318,0.90796,0.89954,0.90413,141086,22,0
2016-03-09,0.90408,0.9093,0.87955,0.88118,181021,22,0
2016-03-10,0.88122,0.89268,0.87767,0.88922,216628,22,0
2016-03-11,0.88928,0.89391,0.88346,0.8912,146163,22,0
2016-03-14,0.88988,0.89323,0.88326,0.88469,274428,22,342061583000
2016-03-15,0.88463,0.89176,0.87992,0.88197,608834,22,1270697149000
2016-03-16,0.88197,0.88905,0.87729,0.88664,595973,22,1248241150000
2016-03-17,0.88664,0.89131,0.88165,0.88732,710511,22,1522446444000
2016-03-18,0.88731,0.89157,0.88132,0.88385,607401,22,1287093397000
2016-03-21,0.8838,0.88662,0.88178,0.88633,376656,23,784214217000
2016-03-22,0.88626,0.88653,0.87882,0.88007,500156,22,1080030448000
2016-03-23,0.88007,0.88705,0.87525,0.88551,585791,22,1351858268000
2016-03-24,0.88561,0.89102,0.88425,0.88688,642681,22,1404593813000
2016-03-25,0.88703,0.88921,0.8841,0.8867,271661,22,495642408000
2016-03-28,0.88543,0.88906,0.8846,0.88602,165627,27,188027700000
2016-03-29,0.88602,0.89828,0.88514,0.89483,692770,22,1455444489000
2016-03-30,0.89431,0.90569,0.89404,0.89679,834693,22,1829257824000
2016-03-31,0.89691,0.89938,0.89261,0.89782,761742,22,1713401988000
2016-04-01,0.89782,0.90193,0.89671,0.89781,751973,22,1616853976000
2016-04-04,0.89697,0.89954,0.89173,0.89389,234634,33,0
2016-04-05,0.89393,0.89697,0.88766,0.89333,788952,22,0
2016-04-06,0.89318,0.89599,0.89128,0.89248,611224,22,0
2016-04-07,0.89218,0.89411,0.88938,0.8904,333694,22,0
2016-04-08,0.8904,0.89164,0.8836,0.88427,307278,22,0
2016-04-11,0.88311,0.8883,0.88311,0.88428,741364,22,0
2016-04-12,0.88416,0.89048,0.8813,0.88322,731196,22,0
2016-04-13,0.88313,0.88772,0.88142,0.88673,805447,22,0
2016-04-14,0.88661,0.88676,0.87867,0.87898,731485,22,0
2016-04-15,0.87887,0.89194,0.87833,0.88617,699616,22,0
2016-04-18,0.89066,0.89904,0.88546,0.88794,744893,22,0
2016-04-19,0.88812,0.89668,0.88786,0.89216,731892,22,0
2016-04-20,0.89218,0.89395,0.88049,0.88268,692182,22,0
2016-04-21,0.88262,0.88328,0.87883,0.8799,588100,22,0
2016-04-22,0.87989,0.88088,0.86741,0.86813,525827,22,0
2016-04-25,0.86623,0.87279,0.86607,0.86858,348354,23,0
2016-04-26,0.86865,0.87301,0.86796,0.86903,406784,23,0
2016-04-27,0.86903,0.87014,0.85834,0.86028,505976,22,0
2016-04-28,0.86764,0.87683,0.86521,0.87347,546187,22,0
2016-04-29,0.87348,0.87737,0.87108,0.87578,543243,22,0
2016-05-02,0.87588,0.88018,0.87424,0.87922,445098,22,0
2016-05-03,0.8792,0.88228,0.87333,0.87958,549198,0,0
2016-05-04,0.87958,0.88728,0.87518,0.88487,554133,22,0
2016-05-05,0.88486,0.88693,0.8826,0.88453,307081,23,0
2016-05-06,0.88463,0.88628,0.87763,0.88221,355350,22,0
2016-05-09,0.88285,0.88524,0.87669,0.87703,434533,23,0
2016-05-10,0.87713,0.87787,0.8713,0.87197,491133,22,0
2016-05-11,0.87196,0.88093,0.87196,0.87618,479135,22,0
2016-05-12,0.87623,0.8787,0.87147,0.87573,475732,22,0
2016-05-13,0.8756,0.87772,0.87287,0.87542,454493,22,0
2016-05-16,0.87532,0.87938,0.8738,0.87521,406799,22,0
2016-05-17,0.87519,0.8819,0.87411,0.87898,467109,22,0
2016-05-18,0.87888,0.8796,0.87453,0.87806,505914,22,0
2016-05-19,0.87804,0.88622,0.87563,0.88263,499184,23,0
2016-05-20,0.88253,0.88911,0.88191,0.88682,447390,23,0
2016-05-23,0.88698,0.89285,0.88648,0.88863,400927,0,0
2016-05-24,0.88852,0.88964,0.88248,0.88393,431687,23,0
2016-05-25,0.88393,0.88785,0.87589,0.87677,433883,22,0
2016-05-26,0.87677,0.87677,0.86896,0.87463,421271,22,0
2016-05-27,0.87467,0.87951,0.87108,0.87108,405277,22,0
2016-05-30,0.87143,0.87612,0.87115,0.87322,348641,22,0
2016-05-31,0.87323,0.88785,0.87253,0.88513,448088,22,0
2016-06-01,0.88528,0.89259,0.88476,0.89128,503112,22,0
2016-06-02,0.89127,0.89481,0.88778,0.89147,443289,22,0
2016-06-03,0.89131,0.90055,0.89081,0.89923,432116,22,0
2016-06-06,0.89892,0.89977,0.88664,0.88675,439070,23,0
2016-06-07,0.88677,0.89313,0.88443,0.88863,425986,22,0
2016-06-08,0.88873,0.89332,0.88598,0.88949,450794,23,0
2016-06-09,0.8997,0.90939,0.89727,0.90328,490028,22,0
2016-06-10,0.90338,0.90649,0.89767,0.90123,458120,23,0
2016-06-13,0.90198,0.9064,0.89965,0.90638,440772,23,0
2016-06-14,0.90592,0.90592,0.89831,0.8998,424408,23,0
2016-06-15,0.9,0.91064,0.89623,0.90802,460049,22,0
2016-06-16,0.90792,0.91697,0.90728,0.91322,481765,23,0
2016-06-17,0.91283,0.9142,0.90645,0.90895,439391,23,0
2016-06-20,0.90791,0.91417,0.90594,0.9113,402200,22,0
2016-06-21,0.91148,0.91584,0.90815,0.91259,379199,23,0
2016-06-22,0.91259,0.92112,0.91142,0.91929,366676,22,0
2016-06-23,0.91973,0.9273,0.9174,0.92434,410381,23,0
2016-06-24,0.92356,0.93105,0.90572,0.92546,538374,23,0
2016-06-27,0.92181,0.92591,0.91418,0.91418,565439,22,0
2016-06-28,0.91421,0.9234,0.91344,0.9172,448866,22,0
2016-06-29,0.91723,0.92736,0.91657,0.91937,360443,23,0
2016-06-30,0.91942,0.92667,0.91682,0.92151,484961,23,0
2016-07-01,0.92154,0.92879,0.92097,0.92532,379997,22,0
2016-07-04,0.92498,0.93034,0.92438,0.92819,333720,22,0
2016-07-05,0.92819,0.93062,0.9244,0.92832,417364,23,0
2016-07-06,0.92828,0.92891,0.92173,0.92362,686136,22,0
2016-07-07,0.92362,0.9407,0.92272,0.93935,708671,22,0
2016-07-08,0.93941,0.95475,0.9375,0.95198,626081,22,0
2016-07-11,0.95127,0.95318,0.94534,0.94687,607619,23,0
2016-07-12,0.94675,0.9544,0.94568,0.95128,610073,22,0
2016-07-13,0.95173,0.95513,0.94227,0.94402,659867,22,0
2016-07-14,0.94403,0.94523,0.92721,0.92753,662974,22,0
2016-07-15,0.92768,0.92852,0.91809,0.92263,660887,22,0
2016-07-18,0.92421,0.92595,0.9154,0.92082,561622,23,0
2016-07-19,0.92082,0.92092,0.91042,0.91793,555702,22,0
2016-07-20,0.91796,0.92091,0.91472,0.91687,525177,23,0
2016-07-21,0.91692,0.91693,0.90825,0.91538,614439,22,0
2016-07-22,0.91543,0.92117,0.913,0.91837,566329,22,0
2016-07-25,0.91762,0.92486,0.91427,0.92442,499734,22,0
2016-07-26,0.92453,0.93641,0.92349,0.92998,607059,22,0
2016-07-27,0.92977,0.93344,0.9239,0.93286,679860,22,0
2016-07-28,0.93277,0.93457,0.92981,0.92997,567188,22,0
2016-07-29,0.92997,0.94292,0.92946,0.93973,666634,22,0
2016-08-01,0.93836,0.94264,0.93715,0.94072,516355,22,0
2016-08-02,0.94072,0.94938,0.93955,0.94899,569743,22,0
2016-08-03,0.94896,0.94931,0.9343,0.93512,450364,23,0
2016-08-04,0.93512,0.9408,0.93329,0.93348,445811,23,0
2016-08-05,0.93358,0.94429,0.93288,0.93992,416276,23,0
2016-08-08,0.93972,0.94032,0.93406,0.93873,337623,23,0
2016-08-09,0.93868,0.94182,0.9372,0.93983,371840,22,0
2016-08-10,0.93981,0.94469,0.93787,0.94099,467890,22,0
2016-08-11,0.94357,0.95758,0.93368,0.93638,438625,22,0
2016-08-12,0.93627,0.93826,0.93138,0.93138,333543,22,0
2016-08-15,0.93034,0.93352,0.92917,0.93131,330369,22,0
2016-08-16,0.93162,0.93784,0.92977,0.93607,467207,22,0
2016-08-17,0.936,0.94071,0.92845,0.93105,504311,22,0
2016-08-18,0.9311,0.93674,0.92945,0.93111,478217,22,0
2016-08-19,0.93111,0.93587,0.92756,0.93425,391264,23,0
2016-08-22,0.93383,0.9432,0.93143,0.94091,378914,22,0
2016-08-23,0.94091,0.94794,0.94016,0.94113,423221,23,0
2016-08-24,0.94118,0.9477,0.93918,0.94484,472146,22,0
2016-08-25,0.94477,0.9479,0.94198,0.94286,355906,23,0
2016-08-26,0.9428,0.94781,0.93885,0.94023,486770,22,0
2016-08-29,0.93847,0.9455,0.93781,0.94318,465779,22,0
2016-08-30,0.94303,0.94567,0.94225,0.94537,480691,23,0
2016-08-31,0.94538,0.95322,0.94442,0.94988,505424,22,0
2016-09-01,0.94981,0.95526,0.94777,0.95393,380773,22,0
2016-09-02,0.95397,0.95827,0.94567,0.94609,218187,22,0
2016-09-05,0.94588,0.95115,0.94331,0.94408,235383,23,0
2016-09-06,0.9441,0.95268,0.94353,0.95247,289683,22,0
2016-09-07,0.95248,0.96488,0.95103,0.95956,295553,22,0
2016-09-08,0.95953,0.96186,0.95358,0.95692,312041,22,0
2016-09-09,0.95688,0.95788,0.95073,0.95462,311913,22,0
2016-09-12,0.95527,0.95958,0.95336,0.95861,338271,22,0
2016-09-13,0.95859,0.96097,0.95326,0.95528,370263,23,0
2016-09-14,0.95527,0.96334,0.9525,0.96073,331803,22,0
2016-09-15,0.96057,0.96336,0.95789,0.96192,353855,22,0
2016-09-16,0.9618,0.96579,0.9583,0.95957,321416,22,0
2016-09-19,0.95933,0.96523,0.95796,0.96263,284491,23,0
2016-09-20,0.96254,0.97335,0.96167,0.96447,312765,22,0
2016-09-21,0.96448,0.96782,0.96055,0.96263,373145,22,0
2016-09-22,0.96373,0.96522,0.95119,0.95361,323712,23,0
2016-09-23,0.95363,0.95431,0.94586,0.95343,312915,22,0
2016-09-26,0.95317,0.96286,0.95076,0.96175,282333,22,0
2016-09-27,0.96175,0.96841,0.95891,0.96303,309699,22,0
2016-09-28,0.96297,0.9641,0.95202,0.95257,334762,12,0
2016-09-29,0.95246,0.95644,0.94904,0.95318,381881,13,0
2016-09-30,0.95318,0.95749,0.95133,0.95612,333392,12,0
2016-10-03,0.95354,0.95611,0.9506,0.95388,268810,13,0
2016-10-04,0.95384,0.95927,0.95025,0.95088,310104,13,0
2016-10-05,0.95072,0.95094,0.94354,0.94507,276329,13,0
2016-10-06,0.94508,0.94707,0.94158,0.94703,254070,12,0
2016-10-07,0.94682,0.95334,0.94323,0.95183,327563,13,0
2016-10-10,0.95087,0.95198,0.9369,0.94002,223984,0,0
2016-10-11,0.94001,0.94031,0.93108,0.93558,311317,12,0
2016-10-12,0.93557,0.93799,0.93391,0.93732,292318,13,0
2016-10-13,0.93732,0.93871,0.93413,0.93578,315058,12,0
2016-10-14,0.93563,0.94071,0.93028,0.93063,277170,13,0
2016-10-17,0.93187,0.9382,0.93012,0.93632,239513,13,0
2016-10-18,0.93637,0.94619,0.93599,0.94233,249234,13,0
2016-10-19,0.94232,0.94958,0.93873,0.94787,267655,12,0
2016-10-20,0.94748,0.9541,0.94707,0.95147,289436,12,0
2016-10-21,0.95143,0.95533,0.94765,0.95442,257968,13,0
2016-10-24,0.95387,0.95713,0.94772,0.94775,181545,13,0
2016-10-25,0.94769,0.95659,0.94658,0.95541,158162,35,0
2016-10-26,0.9553,0.95877,0.95396,0.95663,159344,35,0
2016-10-27,0.95632,0.95845,0.95118,0.95256,283077,35,0
2016-10-28,0.95256,0.96029,0.95239,0.95741,163534,35,0
2016-10-31,0.95965,0.96026,0.95585,0.9586,105861,38,0
2016-11-01,0.9586,0.96667,0.95726,0.96465,122847,35,0
2016-11-02,0.96465,0.97886,0.964,0.97518,136263,36,0
2016-11-03,0.97508,0.9831,0.97482,0.98251,125687,35,0
2016-11-04,0.98236,0.98325,0.97824,0.98131,127943,39,0
2016-11-07,0.9796,0.98177,0.97646,0.98095,112850,35,0
2016-11-08,0.98078,0.98446,0.97872,0.981,104548,38,0
2016-11-09,0.981,0.9923,0.97388,0.9765,252583,35,0
2016-11-10,0.97641,0.97917,0.96839,0.97081,166912,36,0
2016-11-11,0.97068,0.9734,0.96084,0.9623,181382,35,0
2016-11-14,0.96356,0.9652,0.95891,0.96429,146130,35,0
2016-11-15,0.96429,0.96645,0.9532,0.9545,151196,41,0
2016-11-16,0.9545,0.9555,0.94631,0.95028,148649,35,0
2016-11-17,0.95028,0.95424,0.94551,0.9495,130114,35,0
2016-11-18,0.94936,0.95321,0.94575,0.94586,151916,35,0
2016-11-21,0.9434,0.94996,0.9425,0.94746,133855,36,0
2016-11-22,0.94746,0.95027,0.94398,0.94847,135019,35,0
2016-11-23,0.94847,0.9505,0.94301,0.94414,112672,38,0
2016-11-24,0.94484,0.94594,0.94207,0.94376,130884,35,0
2016-11-25,0.9437,0.95299,0.94338,0.95146,137391,35,0
2016-11-28,0.94937,0.95672,0.94586,0.94834,130403,35,0
2016-11-29,0.94824,0.95794,0.94761,0.95666,128334,35,0
2016-11-30,0.95651,0.96307,0.94896,0.95136,147218,35,0
2016-12-01,0.95136,0.952,0.93941,0.94351,141784,35,0
2016-12-02,0.94351,0.94977,0.94185,0.94804,127224,35,0
2016-12-05,0.9462,0.95005,0.9399,0.94702,156818,35,0
2016-12-06,0.94689,0.95054,0.94161,0.94504,112971,35,0
2016-12-07,0.94504,0.95015,0.94243,0.94746,94561,35,0
2016-12-08,0.94746,0.95429,0.94475,0.94591,127317,35,0
2016-12-09,0.94574,0.94766,0.93839,0.9393,108048,38,0
2016-12-12,0.9371,0.94617,0.93337,0.94323,100747,35,0
2016-12-13,0.94327,0.94826,0.94254,0.94554,109377,36,0
2016-12-14,0.94551,0.95012,0.94372,0.94496,128636,40,0
2016-12-15,0.94496,0.94581,0.93794,0.93806,170956,35,0
2016-12-16,0.93806,0.93983,0.92692,0.92805,135085,35,0
2016-12-19,0.92823,0.93157,0.92734,0.92859,92557,35,0
2016-12-20,0.92862,0.9293,0.92254,0.92424,239489,35,0
2016-12-21,0.92399,0.92825,0.92277,0.92456,98874,39,0
2016-12-22,0.92455,0.93394,0.92406,0.93016,101610,36,0
2016-12-23,0.93011,0.93237,0.92815,0.93087,89976,42,0
2016-12-26,0.928,0.93387,0.92734,0.93091,34604,35,0
2016-12-27,0.93101,0.93524,0.92971,0.93491,162638,35,0
2016-12-28,0.93454,0.94066,0.93414,0.9375,222489,35,0
2016-12-29,0.9375,0.94148,0.93571,0.9398,283117,35,0
2016-12-30,0.93965,0.94049,0.9335,0.93386,231841,35,0
2017-01-02,0.93042,0.93322,0.92595,0.92932,110683,35,0
2017-01-03,0.92957,0.93491,0.92528,0.9281,245795,35,0
2017-01-04,0.92809,0.93108,0.92276,0.92641,318201,35,0
2017-01-05,0.92648,0.9314,0.92449,0.92866,363905,35,0
2017-01-06,0.92861,0.93145,0.91926,0.92071,296415,35,0
2017-01-09,0.9221,0.92945,0.92085,0.92691,240620,35,0
2017-01-10,0.92693,0.93052,0.92172,0.92445,307138,35,0
2017-01-11,0.9245,0.93112,0.9231,0.92934,331603,35,0
2017-01-12,0.92928,0.93872,0.927,0.93206,316243,35,0
2017-01-13,0.93194,0.937,0.93013,0.93451,298769,35,0
2017-01-16,0.93316,0.93785,0.93014,0.93516,214007,13,0
2017-01-17,0.93508,0.94131,0.93476,0.9405,313365,35,0
2017-01-18,0.94055,0.94918,0.93819,0.94498,309260,35,0
2017-01-19,0.94497,0.95774,0.94385,0.95696,327576,35,0
2017-01-20,0.95693,0.96013,0.95266,0.95404,314192,35,0
2017-01-23,0.95436,0.96114,0.95329,0.95686,295012,35,0
2017-01-24,0.95686,0.96268,0.95258,0.95321,298672,35,0
2017-01-25,0.95326,0.95536,0.94682,0.95351,309201,35,0
2017-01-26,0.9535,0.95548,0.94594,0.94781,297689,35,0
2017-01-27,0.94777,0.95552,0.94661,0.95428,284572,35,0
2017-01-30,0.95353,0.95567,0.95188,0.9551,274713,35,0
2017-01-31,0.95508,0.95695,0.95074,0.95236,350366,35,0
2017-02-01,0.95226,0.95289,0.94678,0.94961,324618,35,0
2017-02-02,0.94934,0.95352,0.94472,0.9488,267802,35,0
2017-02-03,0.94862,0.95301,0.94496,0.95188,224943,35,0
2017-02-06,0.95117,0.9588,0.95033,0.9572,219191,35,0
2017-02-07,0.95709,0.96522,0.95626,0.962,240962,35,0
2017-02-08,0.96199,0.96398,0.95273,0.95453,241183,35,0
2017-02-09,0.95443,0.95478,0.94181,0.94356,223971,35,0
2017-02-10,0.94356,0.9463,0.93834,0.94122,217580,35,0
2017-02-13,0.94224,0.9447,0.9364,0.93758,187613,35,0
2017-02-14,0.93743,0.93931,0.93359,0.93664,209953,35,0
2017-02-15,0.93667,0.9449,0.93619,0.94384,218097,35,0
2017-02-16,0.94391,0.94586,0.93937,0.94192,235371,35,0
2017-02-17,0.94171,0.94333,0.93886,0.94,71493,35,0
2017-02-20,0.94215,0.94253,0.93885,0.94161,138921,35,0
2017-02-21,0.94161,0.9428,0.93713,0.94061,180406,35,0
2017-02-22,0.94057,0.94676,0.93937,0.94562,192240,35,0
2017-02-23,0.9456,0.94911,0.94425,0.94681,195745,35,0
2017-02-24,0.94687,0.94798,0.94107,0.94219,180399,35,0
2017-02-27,0.94257,0.94796,0.942,0.9473,210233,35,0
2017-02-28,0.94738,0.96084,0.94626,0.95601,229012,35,0
2017-03-01,0.95628,0.95653,0.94539,0.95124,260624,35,0
2017-03-02,0.95127,0.9539,0.94427,0.94513,227654,35,0
2017-03-03,0.94522,0.94589,0.93943,0.94161,240421,35,0
2017-03-06,0.93905,0.94208,0.93712,0.93752,202130,35,0
2017-03-07,0.93735,0.93919,0.9321,0.93215,190545,35,0
2017-03-08,0.9321,0.93538,0.93081,0.93203,199700,35,0
2017-03-09,0.93204,0.93492,0.92963,0.93167,235517,35,0
2017-03-10,0.93167,0.93404,0.93022,0.93198,228796,35,0
2017-03-13,0.9324,0.93454,0.9301,0.93053,202034,35,0
2017-03-14,0.93052,0.93547,0.92863,0.93281,202458,35,0
2017-03-15,0.93278,0.93787,0.93096,0.93202,218719,35,0
2017-03-16,0.9321,0.93559,0.92709,0.92957,230701,35,0
2017-03-17,0.92966,0.93794,0.92908,0.93625,191879,35,0
2017-03-20,0.93541,0.94208,0.93541,0.94173,189339,35,0
2017-03-21,0.94172,0.94204,0.93642,0.94007,242134,35,0
2017-03-22,0.94007,0.94406,0.93736,0.93857,224655,35,0
2017-03-23,0.9385,0.94064,0.93679,0.9383,192942,35,0
2017-03-24,0.93829,0.94182,0.93499,0.93952,189777,35,0
2017-03-27,0.93911,0.94467,0.93756,0.94171,207378,35,0
2017-03-28,0.94172,0.94334,0.93735,0.93844,199116,35,0
2017-03-29,0.93779,0.94047,0.9362,0.9367,189514,35,0
2017-03-30,0.93679,0.93848,0.93102,0.93244,174492,35,0
2017-03-31,0.93233,0.93391,0.92769,0.93259,198920,35,0
2017-04-03,0.93256,0.9386,0.93075,0.93816,109854,35,0
2017-04-04,0.93804,0.93958,0.9341,0.9341,183787,35,0
2017-04-05,0.9341,0.93625,0.93114,0.93475,42216,44,0
2017-04-06,0.93475,0.93839,0.93429,0.93439,178768,35,0
2017-04-07,0.93439,0.93656,0.9281,0.92959,214607,35,0
2017-04-10,0.92886,0.93201,0.9269,0.92732,37364,64,0
2017-04-11,0.92731,0.92835,0.92433,0.92682,175599,35,0
2017-04-12,0.92683,0.92754,0.917,0.92308,150784,35,0
2017-04-13,0.92221,0.93321,0.9219,0.93214,193724,35,0
2017-04-14,0.93175,0.93399,0.92972,0.93269,126677,35,0
2017-04-17,0.93178,0.93535,0.93138,0.93279,98100,35,0
2017-04-18,0.93271,0.94283,0.93252,0.94176,186372,35,0
2017-04-19,0.94165,0.94459,0.94089,0.94407,175921,35,0
2017-04-20,0.94377,0.94956,0.94298,0.94389,45280,44,0
2017-04-21,0.9438,0.94954,0.94083,0.94809,157814,35,0
2017-04-24,0.9485,0.94965,0.94278,0.94603,178549,35,0
2017-04-25,0.94607,0.95057,0.94163,0.94263,191710,35,0
2017-04-26,0.94267,0.94432,0.932,0.93749,219225,35,0
2017-04-27,0.93747,0.94201,0.93163,0.93664,197013,35,0
2017-04-28,0.93659,0.9397,0.93522,0.9369,186881,35,0
2017-05-01,0.93709,0.9461,0.93613,0.94434,128821,35,0
2017-05-02,0.94421,0.95223,0.944,0.9503,174820,35,0
2017-05-03,0.95002,0.9551,0.94201,0.94372,198837,35,0
2017-05-04,0.94356,0.9464,0.93839,0.94393,209036,35,0
2017-05-05,0.94379,0.95196,0.94321,0.94402,223030,35,0
2017-05-08,0.94228,0.94932,0.94138,0.94524,202908,35,0
2017-05-09,0.94511,0.94834,0.94173,0.94568,213867,35,0
2017-05-10,0.94529,0.9524,0.94444,0.94576,215649,35,0
2017-05-11,0.93698,0.94101,0.93272,0.93746,229841,35,0
2017-05-12,0.93748,0.9411,0.93516,0.93967,206023,31,0
2017-05-15,0.93879,0.94249,0.93736,0.93742,211881,31,0
2017-05-16,0.93712,0.94063,0.93436,0.93553,222082,31,0
2017-05-17,0.93552,0.94575,0.93552,0.94314,248923,31,0
2017-05-18,0.94344,0.94663,0.93722,0.93795,239644,31,0
2017-05-19,0.93797,0.93879,0.93351,0.9349,230042,31,0
2017-05-22,0.93463,0.94517,0.93355,0.94422,192441,31,0
2017-05-23,0.94422,0.94905,0.94309,0.9471,235849,31,0
2017-05-24,0.94674,0.95095,0.94206,0.94261,238734,31,0
2017-05-25,0.9444,0.94947,0.94153,0.94606,190323,31,0
2017-05-26,0.94616,0.95248,0.94507,0.94768,232199,31,0
2017-05-29,0.94719,0.95346,0.94689,0.94848,133956,31,0
2017-05-30,0.94841,0.95591,0.94787,0.95455,184307,31,0
2017-05-31,0.95432,0.95995,0.95257,0.9556,214456,31,0
2017-06-01,0.95579,0.95604,0.95167,0.95301,158959,31,0
2017-06-02,0.95339,0.96601,0.95308,0.96169,199615,31,0
2017-06-05,0.96111,0.9642,0.9587,0.96112,181269,31,0
2017-06-06,0.9612,0.97021,0.9603,0.96594,209989,31,0
2017-06-07,0.96551,0.9734,0.96432,0.97103,206077,31,0
2017-06-08,0.9712,0.97509,0.97089,0.97355,210287,31,0
2017-06-09,0.97337,0.97567,0.96602,0.97047,218749,31,0
2017-06-12,0.96891,0.97079,0.95852,0.95859,186496,30,0
2017-06-13,0.95818,0.96044,0.95392,0.95563,191162,30,0
2017-06-14,0.95513,0.96775,0.9528,0.96192,240593,30,0
2017-06-15,0.96193,0.96252,0.95309,0.9554,228548,30,0
2017-06-16,0.95521,0.96202,0.95436,0.9571,194961,30,0
2017-06-19,0.95759,0.96474,0.95483,0.95535,185188,29,0
2017-06-20,0.95613,0.96225,0.95445,0.96029,191054,29,0
2017-06-21,0.95988,0.96406,0.95782,0.96207,205789,29,0
2017-06-22,0.96206,0.96935,0.9592,0.96065,189813,29,0
2017-06-23,0.96067,0.96889,0.9589,0.96503,170011,29,0
2017-06-26,0.96519,0.96757,0.96179,0.96463,176865,29,0
2017-06-27,0.96466,0.97156,0.95698,0.95905,216790,29,0
2017-06-28,0.95869,0.95904,0.95013,0.95116,365887,29,0
2017-06-29,0.95126,0.9547,0.9466,0.9481,373569,29,0
2017-06-30,0.94839,0.95254,0.94767,0.94945,399596,29,0
2017-07-03,0.94966,0.95273,0.94428,0.94825,313915,29,0
2017-07-04,0.94785,0.9492,0.94175,0.94205,361861,29,0
2017-07-05,0.94189,0.94556,0.93995,0.94328,391810,29,0
2017-07-06,0.94338,0.94487,0.93694,0.94332,276755,29,0
2017-07-07,0.94325,0.94683,0.93481,0.93654,230807,29,0
2017-07-10,0.93562,0.94052,0.93509,0.93741,139806,29,0
2017-07-11,0.93704,0.93781,0.93035,0.93252,217645,29,0
2017-07-12,0.93227,0.93988,0.92085,0.92486,256887,29,0
2017-07-13,0.92526,0.93959,0.92401,0.93033,244363,29,0
2017-07-14,0.93027,0.93678,0.9261,0.92808,238826,29,0
2017-07-17,0.92835,0.93055,0.92605,0.92982,240680,29,0
2017-07-18,0.92852,0.93328,0.92172,0.92762,296250,29,0
2017-07-19,0.92717,0.93287,0.9251,0.92635,222625,29,0
2017-07-20,0.92667,0.93299,0.925,0.93012,271185,29,0
2017-07-21,0.93008,0.93748,0.92945,0.93417,266118,29,0
2017-07-24,0.93126,0.93479,0.92865,0.93082,257471,29,0
2017-07-25,0.93082,0.93088,0.92598,0.92676,265960,29,0
2017-07-26,0.92696,0.93679,0.92684,0.93523,297523,29,0
2017-07-27,0.93535,0.9415,0.93468,0.93903,292005,29,0
2017-07-28,0.93931,0.94111,0.93065,0.93341,284699,29,0
2017-07-31,0.93166,0.93833,0.93121,0.93694,261198,29,0
2017-08-01,0.93665,0.94013,0.93121,0.93575,277297,29,0
2017-08-02,0.93533,0.93702,0.9309,0.93292,261324,29,0
2017-08-03,0.93312,0.9369,0.93016,0.93506,207725,29,0
2017-08-04,0.93497,0.93868,0.9332,0.93573,245572,29,0
2017-08-07,0.93495,0.93712,0.93182,0.93291,207540,29,0
2017-08-08,0.93289,0.93465,0.92713,0.92782,223890,29,0
2017-08-09,0.92782,0.93221,0.92741,0.92958,250460,29,0
2017-08-10,0.9299,0.93574,0.92223,0.92646,262922,29,0
2017-08-11,0.92601,0.92876,0.92426,0.92722,256208,29,0
2017-08-14,0.92501,0.92927,0.92481,0.92645,211747,29,0
2017-08-15,0.92627,0.93028,0.92202,0.92251,226062,29,0
2017-08-16,0.92218,0.92582,0.92109,0.92192,234250,29,0
2017-08-17,0.9221,0.92535,0.9204,0.92267,237677,29,0
2017-08-18,0.92259,0.92732,0.9189,0.91953,242273,29,0
2017-08-21,0.91746,0.92333,0.91746,0.91973,195300,29,0
2017-08-22,0.91978,0.9207,0.91189,0.91369,196522,29,0
2017-08-23,0.91352,0.91514,0.90439,0.90596,232385,29,0
2017-08-24,0.90606,0.90765,0.90128,0.90201,210173,29,0
2017-08-25,0.9023,0.90677,0.90043,0.90279,236494,29,0
2017-08-28,0.9021,0.90754,0.90094,0.90727,190204,30,0
2017-08-29,0.90731,0.91119,0.90203,0.90667,323848,29,0
2017-08-30,0.9066,0.90977,0.90546,0.908,253077,29,0
2017-08-31,0.90832,0.90988,0.89502,0.89518,237781,0,0
2017-09-01,0.89521,0.8964,0.88584,0.88629,299951,29,0
2017-09-04,0.88596,0.89136,0.88556,0.88858,208706,29,0
2017-09-05,0.88841,0.89759,0.8878,0.89453,298715,29,0
2017-09-06,0.89459,0.89796,0.87463,0.87967,288627,29,0
2017-09-07,0.87958,0.88272,0.87531,0.87531,301702,29,0
2017-09-08,0.87529,0.88527,0.87514,0.88234,319031,29,0
2017-09-11,0.88162,0.88396,0.87706,0.87769,250299,29,0
2017-09-12,0.87752,0.88822,0.87392,0.88744,277956,29,0
2017-09-13,0.88744,0.88796,0.88064,0.88092,252180,29,0
2017-09-14,0.8804,0.88355,0.87678,0.87768,264927,29,0
2017-09-15,0.87775,0.89194,0.8772,0.88897,273722,29,0
2017-09-18,0.88645,0.89417,0.88581,0.89232,238174,29,0
2017-09-19,0.89232,0.89994,0.89101,0.89853,262322,29,0
2017-09-20,0.89849,0.90822,0.89679,0.90598,259364,29,0
2017-09-21,0.90605,0.90734,0.89999,0.90012,245195,29,0
2017-09-22,0.89994,0.90607,0.89619,0.90375,241722,25,0
2017-09-25,0.89858,0.90413,0.89424,0.89838,253137,25,0
2017-09-26,0.89828,0.90006,0.88831,0.8893,272932,25,0
2017-09-27,0.88946,0.90084,0.88784,0.89787,296238,25,0
2017-09-28,0.89787,0.90218,0.89603,0.89841,273683,25,0
2017-09-29,0.89896,0.90499,0.89594,0.89743,228770,25,0
2017-10-02,0.89829,0.90173,0.89638,0.89962,222989,25,0
2017-10-03,0.89951,0.90059,0.8931,0.8932,227505,25,0
2017-10-04,0.89344,0.89759,0.89251,0.89368,193071,25,0
2017-10-05,0.89347,0.89597,0.89149,0.89265,112626,25,0
2017-10-06,0.8937,0.89495,0.8859,0.88684,228396,25,0
2017-10-09,0.88382,0.88847,0.88381,0.88456,113556,25,0
2017-10-10,0.88565,0.88744,0.88149,0.88388,182146,25,0
2017-10-11,0.8839,0.88702,0.88068,0.88112,172274,25,0
2017-10-12,0.88117,0.8909,0.88065,0.8884,185846,25,0
2017-10-13,0.88872,0.90068,0.88778,0.89328,190907,25,0
2017-10-16,0.89348,0.902,0.89324,0.89691,189690,25,0
2017-10-17,0.89711,0.90229,0.89694,0.8974,245059,25,0
2017-10-18,0.89736,0.89822,0.88992,0.89101,243458,25,0
2017-10-19,0.89077,0.8929,0.87388,0.87729,305850,25,0
2017-10-20,0.87678,0.87953,0.8711,0.8778,284181,25,0
2017-10-23,0.87627,0.88224,0.8749,0.88001,201396,26,0
2017-10-24,0.88019,0.8841,0.8725,0.87442,248227,25,0
2017-10-25,0.87436,0.88171,0.86871,0.8805,286136,25,0
2017-10-26,0.88053,0.88238,0.87685,0.87768,263796,25,0
2017-10-27,0.87813,0.88565,0.8774,0.87996,248286,25,0
2017-10-30,0.8799,0.88284,0.87653,0.88152,206976,25,0
2017-10-31,0.8814,0.88807,0.87783,0.88743,220292,25,0
2017-11-01,0.88743,0.89278,0.88487,0.88596,260316,25,0
2017-11-02,0.88596,0.89077,0.88463,0.88548,241373,25,0
2017-11-03,0.88548,0.88987,0.87992,0.88005,157649,25,0
2017-11-06,0.88106,0.88409,0.87772,0.88202,194598,25,0
2017-11-07,0.88161,0.88396,0.88037,0.88101,207854,25,0
2017-11-08,0.88088,0.88714,0.87958,0.8857,202388,25,0
2017-11-09,0.88556,0.88697,0.87922,0.88066,251477,25,0
2017-11-10,0.88023,0.88189,0.87731,0.8774,146900,25,0
2017-11-13,0.87808,0.87952,0.87667,0.87856,171087,25,0
2017-11-14,0.87797,0.87888,0.87243,0.87507,235069,25,0
2017-11-15,0.87468,0.88195,0.874,0.87709,249095,25,0
2017-11-16,0.87632,0.87826,0.8722,0.87369,213822,25,0
2017-11-17,0.8728,0.87562,0.86403,0.86916,268114,25,0
2017-11-20,0.8684,0.87407,0.86798,0.87222,217783,25,0
2017-11-21,0.87196,0.87444,0.87004,0.87212,223562,25,0
2017-11-22,0.87232,0.87499,0.87005,0.87318,216815,25,0
2017-11-23,0.87333,0.87709,0.87233,0.87473,171281,25,0
2017-11-24,0.87544,0.87662,0.87148,0.87309,186976,25,0
2017-11-27,0.87378,0.88245,0.87159,0.88226,211235,25,0
2017-11-28,0.88204,0.88842,0.8817,0.88349,177928,25,0
2017-11-29,0.88353,0.88868,0.88245,0.88449,225501,25,0
2017-11-30,0.88446,0.88592,0.87911,0.8803,277881,25,0
2017-12-01,0.88015,0.88314,0.8724,0.87324,328150,25,0
2017-12-04,0.87098,0.87339,0.868,0.86859,218859,25,0
2017-12-05,0.86882,0.87471,0.8684,0.87166,230996,25,0
2017-12-06,0.87181,0.88044,0.87104,0.87972,223796,25,0
2017-12-07,0.87975,0.88105,0.8756,0.87747,165898,25,0
2017-12-08,0.87748,0.88217,0.876,0.8778,169792,25,0
2017-12-11,0.8784,0.89001,0.87723,0.88793,160618,25,0
2017-12-12,0.88781,0.89366,0.88739,0.89146,161453,25,0
2017-12-13,0.89121,0.90105,0.89113,0.8996,189871,25,0
2017-12-14,0.89942,0.90011,0.89018,0.8931,225092,25,0
2017-12-15,0.89262,0.90143,0.89236,0.8986,215507,25,0
2017-12-18,0.90044,0.90344,0.89891,0.89911,167827,25,0
2017-12-19,0.89916,0.90237,0.89687,0.89718,175508,25,0
2017-12-20,0.89713,0.89988,0.89422,0.89947,179748,25,0
2017-12-21,0.89909,0.90012,0.89064,0.89302,197983,25,0
2017-12-22,0.89323,0.89635,0.88997,0.89286,171742,25,0
2017-12-26,0.89402,0.89424,0.89085,0.89222,55727,25,0
2017-12-27,0.89203,0.89492,0.89158,0.89229,155633,25,0
2017-12-28,0.89172,0.89461,0.88862,0.88885,150103,25,0
2017-12-29,0.88977,0.8941,0.88819,0.88941,151888,25,0
2018-01-02,0.89227,0.89298,0.8879,0.8879,149504,25,0
2018-01-03,0.88844,0.89093,0.88596,0.88852,216366,25,0
2018-01-04,0.88862,0.89581,0.88778,0.89319,224552,25,0
2018-01-05,0.89284,0.8957,0.88577,0.88924,253056,25,0
2018-01-08,0.88851,0.89283,0.88772,0.89048,206643,25,0
2018-01-09,0.89058,0.89496,0.88948,0.8922,251433,25,0
2018-01-10,0.89188,0.90473,0.89032,0.90242,319149,25,0
2018-01-11,0.90222,0.91122,0.90143,0.90876,301937,25,0
2018-01-12,0.90833,0.9104,0.9024,0.90316,307017,25,0
2018-01-15,0.90136,0.90804,0.9007,0.90638,308651,25,0
2018-01-16,0.90642,0.90793,0.90106,0.90335,267350,25,0
2018-01-17,0.90291,0.9109,0.89972,0.90374,340476,25,0
2018-01-18,0.90373,0.91217,0.90234,0.90555,318028,25,0
2018-01-19,0.90592,0.91065,0.90482,0.90769,287472,25,0
2018-01-22,0.90825,0.91223,0.90734,0.91148,229902,25,0
2018-01-23,0.9114,0.91726,0.9109,0.91274,284814,25,0
2018-01-24,0.91289,0.91704,0.90497,0.90525,321640,25,0
2018-01-25,0.90446,0.90961,0.90409,0.90571,430644,25,0
2018-01-26,0.90599,0.90807,0.90215,0.9063,371694,25,0
2018-01-29,0.90357,0.90677,0.90058,0.90269,308503,25,0
2018-01-30,0.90301,0.90579,0.90082,0.90374,320208,25,0
2018-01-31,0.90368,0.91084,0.90321,0.90651,364862,25,0
2018-02-01,0.9059,0.90909,0.90372,0.90682,344172,25,0
2018-02-02,0.90677,0.90793,0.9032,0.9065,387707,25,0
2018-02-05,0.90608,0.91235,0.90432,0.91019,398939,25,0
2018-02-06,0.91052,0.91882,0.90935,0.91675,559069,25,0
2018-02-07,0.91604,0.91794,0.90605,0.90903,365192,25,0
2018-02-08,0.90868,0.91212,0.90172,0.909,445787,25,0
2018-02-09,0.90892,0.91736,0.90745,0.91195,460141,26,0
2018-02-12,0.91138,0.91417,0.90958,0.91274,266983,26,0
2018-02-13,0.9128,0.91956,0.91232,0.91534,301833,26,0
2018-02-14,0.9154,0.92325,0.91466,0.91945,407847,26,0
2018-02-15,0.9198,0.9252,0.91946,0.9239,337662,26,0
2018-02-16,0.92412,0.92856,0.92242,0.92733,360402,26,0
2018-02-19,0.92618,0.92824,0.92514,0.92536,232348,26,0
2018-02-20,0.92533,0.9292,0.92436,0.92873,332362,26,0
2018-02-21,0.9287,0.93231,0.92762,0.9291,341074,26,0
2018-02-22,0.92871,0.93471,0.92753,0.93201,286935,26,0
2018-02-23,0.93211,0.933,0.91977,0.92073,312040,26,0
2018-02-26,0.92126,0.92886,0.91964,0.92548,286967,26,0
2018-02-27,0.92571,0.92599,0.92228,0.92357,342802,26,0
2018-02-28,0.92383,0.92588,0.92032,0.92417,322713,26,0
2018-03-01,0.92445,0.93215,0.92297,0.93003,360735,26,0
2018-03-02,0.93011,0.93441,0.92957,0.93237,433391,26,0
2018-03-05,0.93109,0.93943,0.92918,0.93622,294264,26,0
2018-03-06,0.93619,0.94294,0.93618,0.93805,369225,26,0
2018-03-07,0.93811,0.94446,0.93811,0.94,380927,26,0
2018-03-08,0.93909,0.94087,0.93562,0.93598,310373,26,0
2018-03-09,0.93606,0.93858,0.93203,0.93235,290097,26,0
2018-03-12,0.93358,0.9379,0.93357,0.93649,212140,26,0
2018-03-13,0.9365,0.95026,0.93626,0.94867,280821,26,0
2018-03-14,0.94873,0.95143,0.94718,0.94828,276328,26,0
2018-03-15,0.94662,0.95162,0.94521,0.94924,280511,26,0
2018-03-16,0.94926,0.94993,0.94341,0.94497,253913,26,0
2018-03-19,0.94449,0.94783,0.94193,0.94689,269377,26,0
2018-03-20,0.94689,0.94758,0.93658,0.93745,241288,26,0
2018-03-21,0.93745,0.93876,0.92853,0.93207,278089,29,0
2018-03-22,0.93206,0.93514,0.93056,0.93167,334694,29,0
2018-03-23,0.9318,0.9374,0.92975,0.93298,333986,29,0
2018-03-26,0.93147,0.94151,0.93132,0.93687,224330,29,0
2018-03-27,0.93705,0.93795,0.93369,0.93602,236765,29,0
2018-03-28,0.93602,0.93674,0.92976,0.93159,293487,29,0
2018-03-29,0.93137,0.93195,0.92761,0.93167,218816,29,0
2018-03-30,0.93079,0.9337,0.93041,0.93181,172917,29,0
2018-04-02,0.93161,0.93361,0.93021,0.93084,137855,29,0
2018-04-03,0.93076,0.93494,0.92772,0.92873,235341,29,0
2018-04-04,0.92908,0.937,0.92843,0.93238,258535,29,0
2018-04-05,0.93278,0.9339,0.92626,0.92821,235371,29,0
2018-04-06,0.92674,0.92983,0.92373,0.92875,308080,29,0
2018-04-09,0.92813,0.93358,0.92672,0.92711,238388,29,0
2018-04-10,0.92753,0.93203,0.92657,0.92724,259138,29,0
2018-04-11,0.92726,0.92959,0.92426,0.9253,254037,29,0
2018-04-12,0.92546,0.93101,0.92422,0.92803,271878,29,0
2018-04-13,0.9278,0.9302,0.92508,0.92668,211367,29,0
2018-04-16,0.92616,0.92822,0.92379,0.92457,201814,29,0
2018-04-17,0.92491,0.92599,0.9195,0.92092,204481,29,0
2018-04-18,0.92094,0.92737,0.91939,0.92383,106941,28,0
2018-04-19,0.92383,0.92671,0.91876,0.92068,270783,29,0
2018-04-20,0.92078,0.92104,0.91217,0.91993,265944,29,0
2018-04-23,0.91995,0.92101,0.91683,0.91788,225409,29,0
2018-04-24,0.91788,0.91919,0.91153,0.9131,255532,29,0
2018-04-25,0.9131,0.91318,0.90674,0.90724,243057,29,0
2018-04-26,0.9072,0.9106,0.9059,0.90804,267402,29,0
2018-04-27,0.9085,0.91029,0.90638,0.90819,236457,29,0
2018-04-30,0.90876,0.90968,0.9021,0.90296,228453,29,0
2018-05-01,0.90289,0.90346,0.89893,0.8994,236680,29,0
2018-05-02,0.8993,0.90238,0.89807,0.90067,303346,29,0
2018-05-03,0.90053,0.90607,0.89952,0.90417,304002,29,0
2018-05-04,0.90423,0.90524,0.90065,0.90071,232437,29,0
2018-05-07,0.90169,0.90473,0.90055,0.90278,198655,29,0
2018-05-08,0.90355,0.90816,0.90133,0.90209,282815,29,0
2018-05-09,0.90179,0.90286,0.89607,0.89656,254475,29,0
2018-05-10,0.89589,0.89589,0.88484,0.88823,321665,29,0
2018-05-11,0.88832,0.89158,0.88721,0.89023,116814,28,0
2018-05-14,0.88968,0.89092,0.88455,0.88515,209649,29,0
2018-05-15,0.88515,0.88721,0.88181,0.88324,284601,29,0
2018-05-16,0.88324,0.8868,0.88132,0.88154,296237,29,0
2018-05-17,0.88162,0.88497,0.87852,0.88015,292319,29,0
2018-05-18,0.88023,0.89176,0.87986,0.88997,270684,29,0
2018-05-21,0.89006,0.89259,0.88601,0.88776,236453,29,0
2018-05-22,0.88779,0.89002,0.88507,0.88818,125103,28,0
2018-05-23,0.88818,0.89106,0.88563,0.88674,324058,29,0
2018-05-24,0.88675,0.89416,0.88675,0.89184,274156,29,0
2018-05-25,0.8913,0.89878,0.89039,0.89556,257807,29,0
2018-05-28,0.89697,0.90355,0.89551,0.90156,184106,29,0
2018-05-29,0.90139,0.90262,0.89741,0.89774,303735,29,0
2018-05-30,0.89773,0.90653,0.89669,0.89881,325522,29,0
2018-05-31,0.89875,0.91067,0.8974,0.90643,227388,28,0
2018-06-01,0.90643,0.90841,0.90272,0.9034,282706,29,0
2018-06-04,0.90385,0.91042,0.9026,0.90799,185677,28,0
2018-06-05,0.90799,0.91476,0.9076,0.91023,265228,29,0
2018-06-06,0.91023,0.91255,0.90588,0.91008,249471,29,0
2018-06-07,0.91008,0.91435,0.90943,0.91078,251723,29,0
2018-06-08,0.91081,0.91567,0.90634,0.90845,242221,29,0
2018-06-11,0.91226,0.91722,0.91058,0.91064,182644,29,0
2018-06-12,0.9107,0.91507,0.91025,0.91112,244779,29,0
2018-06-13,0.9112,0.91664,0.90973,0.9114,236766,29,0
2018-06-14,0.91143,0.91555,0.91018,0.91374,275077,29,0
2018-06-15,0.91374,0.91747,0.91077,0.91385,257303,29,0
2018-06-18,0.91386,0.91789,0.91269,0.9155,197620,29,0
2018-06-19,0.91547,0.91736,0.91135,0.91588,288431,29,0
2018-06-20,0.91588,0.91799,0.91215,0.91269,258305,29,0
2018-06-21,0.91269,0.91602,0.90915,0.91312,299430,29,0
2018-06-22,0.91313,0.92253,0.91126,0.91448,263267,29,0
2018-06-25,0.91716,0.91889,0.9156,0.91654,247569,29,0
2018-06-26,0.91622,0.91707,0.91079,0.91128,247377,29,0
2018-06-27,0.9113,0.91234,0.90281,0.90579,281468,29,0
2018-06-28,0.90579,0.90758,0.89452,0.89464,275864,29,0
2018-06-29,0.89472,0.89672,0.88685,0.88685,280189,29,0
2018-07-02,0.89253,0.89288,0.88411,0.88503,223840,29,0
2018-07-03,0.88498,0.88948,0.883,0.88689,238274,29,0
2018-07-04,0.8871,0.89059,0.88428,0.88796,206068,29,0
2018-07-05,0.88799,0.89217,0.88737,0.89016,231638,29,0
2018-07-06,0.89012,0.89768,0.89012,0.89138,226012,29,0
2018-07-09,0.89448,0.89704,0.89385,0.89523,93809,28,0
2018-07-10,0.89526,0.89912,0.89369,0.89601,184843,29,0
2018-07-11,0.89607,0.89666,0.88797,0.89191,271539,29,0
2018-07-12,0.89194,0.89349,0.88934,0.89126,208971,29,0
2018-07-13,0.89134,0.89247,0.88655,0.88655,200192,29,0
2018-07-16,0.88896,0.89271,0.88775,0.88948,179793,29,0
2018-07-17,0.88948,0.89716,0.88721,0.89423,238512,29,0
2018-07-18,0.89425,0.89754,0.89304,0.89426,212617,29,0
2018-07-19,0.89426,0.89563,0.8897,0.89416,260669,29,0
2018-07-20,0.89418,0.89648,0.89071,0.8941,279240,29,0
2018-07-23,0.89236,0.89635,0.89035,0.89306,189223,29,0
2018-07-24,0.89301,0.89603,0.89232,0.89395,208172,29,0
2018-07-25,0.89398,0.89542,0.89018,0.89146,199501,28,0
2018-07-26,0.89129,0.89257,0.88565,0.88625,211052,29,0
2018-07-27,0.88607,0.88829,0.882,0.88725,182650,29,0
2018-07-30,0.88618,0.88982,0.88612,0.8884,108863,28,0
2018-07-31,0.8884,0.89225,0.88533,0.88588,114372,28,0
2018-08-01,0.88588,0.88723,0.88147,0.88245,197933,29,0
2018-08-02,0.88245,0.88331,0.87703,0.87732,167177,29,0
2018-08-03,0.87733,0.87929,0.87362,0.87508,197033,29,0
2018-08-06,0.87623,0.87792,0.87479,0.87491,132558,29,0
2018-08-07,0.87481,0.88012,0.87371,0.87891,80536,29,0
2018-08-08,0.87891,0.88252,0.87755,0.87773,45751,29,0
2018-08-09,0.87773,0.87773,0.86226,0.86253,52411,29,0
2018-08-10,0.86253,0.86652,0.85898,0.86346,72438,29,0
2018-08-13,0.86498,0.8668,0.86287,0.86357,59852,28,0
2018-08-14,0.86352,0.86622,0.85752,0.85813,50367,29,0
2018-08-15,0.85813,0.86364,0.85601,0.86188,54938,29,0
2018-08-16,0.86188,0.86792,0.86153,0.86627,56279,29,0
2018-08-17,0.86633,0.86891,0.86279,0.86602,49200,29,0
2018-08-20,0.86639,0.86715,0.86394,0.86516,34905,28,0
2018-08-21,0.86516,0.87327,0.86254,0.86979,49896,29,0
2018-08-22,0.86979,0.87621,0.86979,0.87008,50948,29,0
2018-08-23,0.86953,0.87176,0.86679,0.86679,47929,29,0
2018-08-24,0.86709,0.87244,0.86638,0.87054,55325,29,0
2018-08-27,0.86914,0.87181,0.86699,0.8678,49056,29,0
2018-08-28,0.8678,0.86936,0.86576,0.86713,49022,29,0
2018-08-29,0.86713,0.86833,0.86458,0.86617,56133,29,0
2018-08-30,0.86631,0.86705,0.85871,0.86351,61662,29,0
2018-08-31,0.86349,0.86646,0.86061,0.86061,68191,29,0
2018-09-03,0.86428,0.86528,0.8614,0.86362,38818,29,0
2018-09-04,0.86347,0.86525,0.85973,0.8641,54484,29,0
2018-09-05,0.86409,0.86969,0.86062,0.8682,59081,29,0
2018-09-06,0.8682,0.87189,0.8651,0.86515,58788,29,0
2018-09-07,0.86529,0.86687,0.85776,0.85776,61138,29,0
2018-09-10,0.85932,0.86246,0.85773,0.85848,40523,28,0
2018-09-11,0.8585,0.85926,0.85063,0.85209,45839,29,0
2018-09-12,0.85209,0.85377,0.84933,0.85245,53566,29,0
2018-09-13,0.85244,0.8557,0.8498,0.85322,50588,29,0
2018-09-14,0.85323,0.85697,0.85133,0.8521,45816,29,0
2018-09-17,0.85253,0.85794,0.85253,0.85666,37241,28,0
2018-09-18,0.85655,0.86076,0.85246,0.85345,65503,29,0
2018-09-19,0.8534,0.85854,0.85215,0.85384,60533,29,0
2018-09-20,0.85384,0.86391,0.85287,0.86187,64856,29,0
2018-09-21,0.86195,0.86444,0.85833,0.86214,54735,29,0
2018-09-24,0.86142,0.86375,0.85931,0.86045,53513,28,0
2018-09-25,0.8605,0.86253,0.85859,0.86041,47511,29,0
2018-09-26,0.86041,0.86864,0.85933,0.86523,56032,29,0
2018-09-27,0.86652,0.86919,0.86201,0.86204,60127,29,0
2018-09-28,0.86204,0.86269,0.85316,0.85355,49537,29,0
2018-10-01,0.85003,0.85298,0.84453,0.84678,51418,29,0
2018-10-02,0.84678,0.84728,0.8435,0.84492,47369,29,0
2018-10-03,0.84492,0.84515,0.83693,0.83755,50502,29,0
2018-10-04,0.83755,0.83893,0.8347,0.83671,50918,29,0
2018-10-05,0.83671,0.83762,0.83182,0.83182,46551,29,0
2018-10-08,0.83264,0.839,0.83203,0.83394,38527,29,0
2018-10-09,0.83394,0.83834,0.83344,0.83753,50000,29,0
2018-10-10,0.83753,0.84306,0.83607,0.84145,53327,29,0
2018-10-11,0.84145,0.85115,0.84003,0.84749,72973,29,0
2018-10-12,0.84922,0.8513,0.84602,0.84602,52770,29,0
2018-10-15,0.84595,0.85348,0.84447,0.85028,57578,28,0
2018-10-16,0.85027,0.85621,0.84779,0.84779,48964,29,0
2018-10-17,0.8478,0.85452,0.84778,0.85211,57382,29,0
2018-10-18,0.8521,0.85747,0.85118,0.85583,64693,29,0
2018-10-19,0.85555,0.86575,0.85343,0.86201,67770,29,0
2018-10-22,0.86487,0.86572,0.85768,0.85824,61877,28,0
2018-10-23,0.8584,0.85995,0.85588,0.85646,61675,28,0
2018-10-24,0.85644,0.85862,0.84667,0.8516,73985,28,0
2018-10-25,0.85164,0.85588,0.84809,0.85227,54939,30,0
2018-10-26,0.85225,0.85518,0.84768,0.85316,61681,30,0
2018-10-29,0.85405,0.8579,0.8537,0.85625,58811,28,0
2018-10-30,0.85628,0.86294,0.85583,0.85922,60173,28,0
2018-10-31,0.8592,0.8617,0.85648,0.85761,55983,28,0
2018-11-01,0.85759,0.87173,0.85749,0.86878,64067,28,0
2018-11-02,0.86878,0.87462,0.86857,0.8702,64882,28,0
2018-11-05,0.86836,0.87463,0.8679,0.87334,37806,30,0
2018-11-06,0.87312,0.88438,0.87139,0.88393,47298,28,0
2018-11-07,0.88394,0.89227,0.88186,0.88929,81112,28,0
2018-11-08,0.88928,0.89122,0.88549,0.88782,60017,28,0
2018-11-09,0.88781,0.89141,0.88661,0.88983,62385,28,0
2018-11-12,0.8877,0.89157,0.8856,0.88832,48623,36,0
2018-11-13,0.88823,0.89533,0.88793,0.89468,62645,30,0
2018-11-14,0.89466,0.90047,0.89334,0.89956,72216,28,0
2018-11-15,0.89955,0.90273,0.89845,0.89951,66418,30,0
2018-11-16,0.89952,0.90598,0.89472,0.90373,48835,30,0
2018-11-19,0.90276,0.90404,0.89828,0.90006,40918,28,0
2018-11-20,0.90009,0.90478,0.89935,0.90289,59016,28,0
2018-11-21,0.90291,0.90993,0.9022,0.90397,49071,28,0
2018-11-22,0.90397,0.90397,0.8946,0.89831,39346,28,0
2018-11-23,0.89831,0.90023,0.89282,0.89694,45674,30,0
2018-11-26,0.89356,0.89925,0.89289,0.89701,47556,28,0
2018-11-27,0.8968,0.90336,0.89548,0.90221,54361,28,0
2018-11-28,0.90214,0.91327,0.90203,0.91153,58113,28,0
2018-11-29,0.91146,0.91282,0.90793,0.91064,61571,28,0
2018-11-30,0.91069,0.91482,0.91008,0.91342,63876,23,0
2018-12-03,0.91519,0.91617,0.91086,0.91395,61967,23,0
2018-12-04,0.91395,0.91928,0.91353,0.9186,77302,23,0
2018-12-05,0.91834,0.92503,0.91727,0.92088,54155,23,0
2018-12-06,0.92085,0.92551,0.91852,0.91998,85074,23,0
2018-12-07,0.91966,0.92252,0.91073,0.91364,66315,23,0
2018-12-10,0.91603,0.92216,0.91154,0.92011,65255,23,0
2018-12-11,0.91982,0.92498,0.91927,0.9202,59443,23,0
2018-12-12,0.9203,0.92247,0.91289,0.91513,60743,23,0
2018-12-13,0.91509,0.91876,0.91384,0.91526,50304,23,0
2018-12-14,0.9153,0.916,0.90753,0.90915,49030,23,0
2018-12-17,0.90924,0.91334,0.90757,0.91154,55306,23,0
2018-12-18,0.91154,0.92399,0.91108,0.92138,59454,23,0
2018-12-19,0.92112,0.92496,0.91124,0.9121,66721,23,0
2018-12-20,0.91208,0.91731,0.9075,0.91476,72117,23,0
2018-12-21,0.91488,0.91642,0.90949,0.91223,57206,23,0
2018-12-24,0.91399,0.91558,0.91158,0.91464,44848,0,0
2018-12-26,0.91592,0.91661,0.91211,0.91283,24694,24,0
2018-12-27,0.91305,0.91653,0.91046,0.91166,68072,25,0
2018-12-28,0.91174,0.91582,0.91088,0.91451,42613,23,0
2018-12-31,0.91481,0.91635,0.91297,0.91472,49243,25,0
2019-01-02,0.91234,0.91451,0.90301,0.90302,63402,23,0
2019-01-03,0.9031,0.9108,0.89726,0.90223,89407,23,0
2019-01-04,0.90223,0.90458,0.89606,0.9004,68427,24,0
2019-01-07,0.90179,0.90362,0.89714,0.89783,46201,23,0
2019-01-08,0.89783,0.89847,0.89147,0.89176,50478,23,0
2019-01-09,0.89176,0.89984,0.89176,0.89608,64432,23,0
2019-01-10,0.89632,0.89955,0.89564,0.89735,53250,24,0
2019-01-11,0.89735,0.90673,0.89682,0.90577,53086,23,0
2019-01-14,0.90467,0.90689,0.9027,0.90602,43351,24,0
2019-01-15,0.90596,0.90827,0.90199,0.90412,53466,24,0
2019-01-16,0.90415,0.9052,0.89672,0.89778,45785,23,0
2019-01-17,0.89778,0.89927,0.89343,0.89762,53098,23,0
2019-01-18,0.89762,0.89895,0.89339,0.89382,45551,23,0
2019-01-21,0.89561,0.8959,0.89069,0.89469,44749,23,0
2019-01-22,0.89464,0.90188,0.89346,0.9013,45054,23,0
2019-01-23,0.90132,0.90739,0.90049,0.90539,49994,23,0
2019-01-24,0.90539,0.90748,0.90216,0.90248,58425,24,0
2019-01-25,0.90248,0.90697,0.90064,0.90357,53711,23,0
2019-01-28,0.90227,0.90907,0.90225,0.90563,38124,23,0
2019-01-29,0.9056,0.90988,0.90473,0.90655,45624,23,0
2019-01-30,0.90623,0.90824,0.89966,0.90577,58485,23,0
2019-01-31,0.90574,0.91186,0.90485,0.90702,55906,23,0
2019-02-01,0.90727,0.91032,0.90209,0.90275,52664,23,0
2019-02-04,0.90279,0.90397,0.90132,0.90242,38730,23,0
2019-02-05,0.90247,0.90615,0.90083,0.9048,40264,23,0
2019-02-06,0.90465,0.90654,0.8939,0.89499,45801,23,0
2019-02-07,0.89507,0.89932,0.8929,0.89764,45390,23,0
2019-02-08,0.89764,0.90054,0.89339,0.89451,41152,25,0
2019-02-11,0.89402,0.89973,0.89392,0.89511,36212,23,0
2019-02-12,0.89505,0.89608,0.89089,0.89115,40539,23,0
2019-02-13,0.89115,0.90479,0.88952,0.90032,40930,23,0
2019-02-14,0.90032,0.91179,0.90032,0.90832,47345,23,0
2019-02-15,0.90837,0.91115,0.90618,0.90877,39766,23,0
2019-02-18,0.90799,0.9117,0.90489,0.90608,31582,23,0
2019-02-19,0.90609,0.90983,0.90311,0.90893,37238,23,0
2019-02-20,0.90888,0.90951,0.90266,0.90301,40380,7,0
2019-02-21,0.90298,0.90523,0.89538,0.89961,56841,10,0
2019-02-22,0.89941,0.90313,0.89457,0.89856,49744,7,0
2019-02-25,0.9011,0.90877,0.89978,0.90746,50402,5,0
2019-02-26,0.90749,0.91085,0.90641,0.90641,47702,8,0
2019-02-27,0.90699,0.90847,0.89838,0.89992,94142,8,0
2019-02-28,0.90001,0.90226,0.89418,0.89632,54815,7,0
2019-03-01,0.89624,0.90432,0.89469,0.90311,55900,7,0
2019-03-04,0.90544,0.90835,0.90377,0.90666,49097,6,0
2019-03-05,0.90673,0.90852,0.90387,0.90641,47808,8,0
2019-03-06,0.90672,0.9109,0.90289,0.90941,53469,9,0
2019-03-07,0.90977,0.91249,0.90755,0.90816,55835,7,0
2019-03-08,0.9077,0.91408,0.90726,0.91206,54364,7,0
2019-03-11,0.91091,0.91627,0.91091,0.9151,40634,5,0
2019-03-12,0.9151,0.9196,0.91474,0.91592,41452,6,0
2019-03-13,0.91592,0.91619,0.91045,0.91157,44227,6,0
2019-03-14,0.91151,0.91227,0.90726,0.91078,47072,7,0
2019-03-15,0.91078,0.91522,0.91011,0.91219,40290,6,0
2019-03-18,0.91257,0.91577,0.91196,0.91311,36403,6,0
2019-03-19,0.91311,0.9147,0.90981,0.91255,44287,24,0
2019-03-20,0.91257,0.91987,0.90938,0.91967,50091,24,0
2019-03-21,0.9197,0.92182,0.91782,0.91892,60488,24,0
2019-03-22,0.91904,0.92408,0.91811,0.9225,68348,24,0
2019-03-25,0.92406,0.92802,0.92172,0.92612,56402,24,0
2019-03-26,0.92611,0.92691,0.92323,0.92365,50150,25,0
2019-03-27,0.92362,0.92507,0.90965,0.91155,64494,24,0
2019-03-28,0.91155,0.91523,0.90938,0.90969,58752,26,0
2019-03-29,0.90977,0.91348,0.90695,0.90695,50546,24,0
2019-04-01,0.90968,0.91307,0.90507,0.90507,47687,24,0
2019-04-02,0.90525,0.90526,0.89874,0.90063,47295,24,0
2019-04-03,0.90061,0.90568,0.89987,0.90398,44252,24,0
2019-04-04,0.90397,0.90713,0.90125,0.90178,39961,25,0
2019-04-05,0.90186,0.90378,0.8991,0.90096,41957,24,0
2019-04-08,0.90083,0.90136,0.89676,0.89706,32826,24,0
2019-04-09,0.89704,0.89897,0.89589,0.89823,35702,24,0
2019-04-10,0.89843,0.90137,0.89792,0.90055,41757,24,0
2019-04-11,0.90072,0.90298,0.89903,0.89962,38690,24,0
2019-04-12,0.89964,0.90334,0.89844,0.90053,40995,25,0
2019-04-15,0.90127,0.90446,0.89858,0.90364,35421,30,0
2019-04-16,0.90369,0.90539,0.90174,0.90254,41828,30,0
2019-04-17,0.90263,0.90437,0.89073,0.89697,45254,30,0
2019-04-18,0.89704,0.89801,0.89252,0.89324,40579,31,0
2019-04-19,0.89332,0.89536,0.89285,0.89469,36708,37,0
2019-04-22,0.89432,0.89487,0.89016,0.89101,23785,30,0
2019-04-23,0.89103,0.89415,0.88925,0.89284,31883,30,0
2019-04-24,0.89283,0.8939,0.88748,0.88888,48463,30,0
2019-04-25,0.88891,0.89426,0.88863,0.89286,36834,30,0
2019-04-26,0.89287,0.8989,0.89181,0.89612,45421,30,0
2019-04-29,0.89589,0.89878,0.89518,0.8966,25521,31,0
2019-04-30,0.89643,0.89874,0.89308,0.89308,37304,30,0
2019-05-01,0.89311,0.89417,0.8878,0.88992,38711,30,0
2019-05-02,0.8899,0.89206,0.88887,0.89127,38293,30,0
2019-05-03,0.89134,0.89213,0.89011,0.89128,38034,30,0
2019-05-06,0.88983,0.89377,0.88743,0.88879,42162,30,0
2019-05-07,0.88812,0.89,0.88586,0.88922,43489,30,0
2019-05-08,0.88922,0.88931,0.8783,0.88565,48871,30,0
2019-05-09,0.88565,0.88919,0.88533,0.88756,49361,30,0
2019-05-10,0.88756,0.88921,0.88418,0.88489,63843,30,0
2019-05-13,0.88507,0.88591,0.88298,0.88471,47011,30,0
2019-05-14,0.88462,0.88762,0.8842,0.8846,36424,30,0
2019-05-15,0.8846,0.88527,0.8809,0.88144,43411,30,0
2019-05-16,0.88144,0.88277,0.87878,0.87915,37114,30,0
2019-05-17,0.87915,0.8822,0.87563,0.87702,46058,31,0
2019-05-20,0.87735,0.87913,0.87651,0.87688,32225,30,0
2019-05-21,0.87688,0.87816,0.87131,0.87174,39753,31,0
2019-05-22,0.8715,0.87276,0.8688,0.87182,35260,30,0
2019-05-23,0.87214,0.87937,0.87162,0.87779,44884,30,0
2019-05-24,0.87803,0.8823,0.87757,0.87996,39949,30,0
2019-05-27,0.88015,0.88121,0.87871,0.87947,25746,32,0
2019-05-28,0.87972,0.88319,0.8791,0.88227,41475,31,0
2019-05-29,0.88224,0.88367,0.87877,0.8797,49826,30,0
2019-05-30,0.87975,0.88139,0.87665,0.87834,35863,30,0
2019-05-31,0.87838,0.88527,0.87799,0.8835,58994,30,0
2019-06-03,0.88239,0.88769,0.88208,0.88609,55722,31,0
2019-06-04,0.88612,0.88723,0.88407,0.88454,58720,30,0
2019-06-05,0.88456,0.89189,0.88434,0.88723,59893,31,0
2019-06-06,0.88728,0.88968,0.88432,0.88432,54232,30,0
2019-06-07,0.88441,0.88703,0.88191,0.88398,50116,30,0
2019-06-10,0.88183,0.88356,0.87609,0.87649,38747,30,0
2019-06-11,0.87651,0.87697,0.87087,0.87395,40681,30,0
2019-06-12,0.87397,0.87678,0.87253,0.87655,42317,31,0
2019-06-13,0.87667,0.87783,0.87237,0.87491,37772,30,0
2019-06-14,0.87493,0.8756,0.86879,0.86985,44314,30,0
2019-06-17,0.87081,0.87351,0.87023,0.87054,29669,31,0
2019-06-18,0.87056,0.87501,0.86978,0.87296,46212,30,0
2019-06-19,0.87299,0.87395,0.86777,0.86778,45484,30,0
2019-06-20,0.86782,0.87166,0.86556,0.86829,57041,30,0
2019-06-21,0.86831,0.87045,0.86446,0.87037,50892,30,0
2019-06-24,0.87044,0.87432,0.86937,0.87182,35569,30,0
2019-06-25,0.87183,0.87703,0.87152,0.87396,53377,30,0
2019-06-26,0.87398,0.87942,0.86944,0.87647,43820,30,0
2019-06-27,0.87645,0.87867,0.87514,0.87658,40142,30,0
2019-06-28,0.87668,0.8798,0.87605,0.87937,40123,30,0
2019-07-01,0.87889,0.88005,0.87471,0.87597,40522,30,0
2019-07-02,0.87599,0.87701,0.87319,0.87419,37709,30,0
2019-07-03,0.87426,0.8784,0.87386,0.87588,37213,30,0
2019-07-04,0.87562,0.87716,0.87189,0.87231,25410,30,0
2019-07-05,0.87243,0.87365,0.86511,0.86553,41439,30,0
2019-07-08,0.86596,0.8691,0.86543,0.8669,27345,30,0
2019-07-09,0.86694,0.86877,0.86629,0.86665,31205,31,0
2019-07-10,0.86666,0.87234,0.86192,0.86896,49637,30,0
2019-07-11,0.86906,0.87319,0.86819,0.87028,43482,30,0
2019-07-12,0.87038,0.87275,0.86838,0.87188,38490,30,0
2019-07-15,0.87106,0.87711,0.87069,0.87612,32663,30,0
2019-07-16,0.87615,0.87914,0.87325,0.87655,38216,30,0
2019-07-17,0.87634,0.87953,0.8759,0.87794,33859,30,0
2019-07-18,0.87796,0.88464,0.87732,0.88302,39215,30,0
2019-07-19,0.88318,0.88678,0.88219,0.88246,41617,30,0
2019-07-22,0.88299,0.88884,0.88199,0.8862,31983,30,0
2019-07-23,0.88609,0.88688,0.87974,0.87987,32336,30,0
2019-07-24,0.88004,0.88194,0.87888,0.88044,33931,30,0
2019-07-25,0.88045,0.881,0.87539,0.87717,44763,30,0
2019-07-26,0.87724,0.87724,0.87284,0.87284,31192,31,0
2019-07-29,0.87296,0.87415,0.87053,0.87229,18578,30,0
2019-07-30,0.8723,0.87361,0.86913,0.86915,26644,30,0
2019-07-31,0.86926,0.87002,0.86379,0.86451,55124,30,0
2019-08-01,0.86449,0.8679,0.86344,0.86528,61200,31,0
2019-08-02,0.86532,0.86696,0.86213,0.86224,71608,31,0
2019-08-05,0.86192,0.86428,0.85738,0.86132,63898,30,0
2019-08-06,0.8613,0.86978,0.85929,0.86591,73538,30,0
2019-08-07,0.86586,0.8703,0.84884,0.85691,88844,30,0
2019-08-08,0.85689,0.86116,0.85571,0.85641,66690,31,0
2019-08-09,0.85641,0.86097,0.85271,0.85365,51731,31,0
2019-08-12,0.85333,0.85577,0.85128,0.85313,48465,31,0
2019-08-13,0.85327,0.85588,0.85139,0.85286,68482,30,0
2019-08-14,0.85281,0.85748,0.8515,0.85639,71892,30,0
2019-08-15,0.85639,0.85989,0.85555,0.85784,74373,30,0
2019-08-16,0.85789,0.85825,0.85213,0.85255,54510,30,0
2019-08-19,0.85228,0.85445,0.84983,0.85356,35084,29,0
2019-08-20,0.85359,0.85647,0.85307,0.85391,37383,27,0
2019-08-21,0.85389,0.85437,0.84974,0.85061,34652,29,0
2019-08-22,0.85082,0.85159,0.84569,0.84617,42259,30,0
2019-08-23,0.84617,0.85354,0.84581,0.84905,66586,29,0
2019-08-26,0.84815,0.85021,0.84354,0.84718,81656,27,0
2019-08-27,0.84719,0.84772,0.84156,0.84454,43497,29,0
2019-08-28,0.84451,0.84594,0.8415,0.84246,46647,29,0
2019-08-29,0.84249,0.84364,0.83804,0.83804,40585,30,0
2019-08-30,0.83805,0.8397,0.83456,0.83954,46274,29,0
2019-09-02,0.83818,0.84189,0.83752,0.84009,32614,30,0
2019-09-03,0.84029,0.84519,0.83644,0.84456,50512,30,0
2019-09-04,0.84459,0.84709,0.83995,0.84046,41670,30,0
2019-09-05,0.84044,0.84437,0.83989,0.84237,39948,30,0
2019-09-06,0.84237,0.84901,0.84161,0.84602,37846,29,0
2019-09-09,0.84499,0.84759,0.8442,0.84541,29250,30,0
2019-09-10,0.84536,0.84837,0.84297,0.84451,28771,30,0
2019-09-11,0.84454,0.8471,0.84227,0.84546,29031,30,0
2019-09-12,0.84541,0.85006,0.84462,0.84581,37908,30,0
2019-09-13,0.84574,0.84739,0.84363,0.84654,29115,30,0
2019-09-16,0.84267,0.84691,0.83883,0.83931,39377,30,0
2019-09-17,0.83929,0.8424,0.83744,0.84181,33728,30,0
2019-09-18,0.84177,0.84245,0.8382,0.83897,32957,30,0
2019-09-19,0.83902,0.84156,0.83457,0.83516,31398,30,0
2019-09-20,0.83514,0.83599,0.8296,0.82976,31600,30,0
2019-09-23,0.8299,0.83499,0.82981,0.83426,22230,30,0
2019-09-24,0.83429,0.83903,0.83338,0.83686,25716,30,0
2019-09-25,0.83684,0.84119,0.83069,0.83149,26910,30,0
2019-09-26,0.83154,0.83795,0.83063,0.83496,27206,30,0
2019-09-27,0.83459,0.8361,0.83207,0.83278,28465,30,0
2019-09-30,0.83146,0.83294,0.82684,0.82859,26805,30,0
2019-10-01,0.82854,0.8298,0.82349,0.82505,32201,29,0
2019-10-02,0.82505,0.83544,0.82357,0.83476,28380,30,0
2019-10-03,0.83469,0.84151,0.83308,0.83976,28538,30,0
2019-10-04,0.83979,0.84363,0.83865,0.83966,28117,30,0
2019-10-07,0.83949,0.84202,0.83594,0.83654,26465,30,0
2019-10-08,0.83651,0.84203,0.83513,0.83897,29107,29,0
2019-10-09,0.83869,0.84182,0.83817,0.83856,25277,30,0
2019-10-10,0.83854,0.84271,0.83723,0.83954,29516,30,0
2019-10-11,0.83956,0.8427,0.83484,0.83598,32509,30,0
2019-10-14,0.8352,0.83608,0.83012,0.83299,22282,30,0
2019-10-15,0.83302,0.83478,0.8276,0.83031,27696,30,0
2019-10-16,0.83029,0.83397,0.82451,0.82996,30055,27,0
2019-10-17,0.82999,0.83465,0.8289,0.83314,27379,27,0
2019-10-18,0.83324,0.83851,0.83304,0.8376,20484,26,0
2019-10-21,0.83715,0.84103,0.8363,0.83789,20289,27,0
2019-10-22,0.83794,0.84174,0.83605,0.83813,23860,27,0
2019-10-23,0.83818,0.8405,0.8369,0.83896,19059,27,0
2019-10-24,0.83898,0.83966,0.83343,0.83401,22902,28,0
2019-10-25,0.83404,0.83418,0.82861,0.82861,18061,27,0
2019-10-28,0.82961,0.83056,0.82712,0.82854,17950,27,0
2019-10-29,0.82856,0.83241,0.82727,0.83159,21706,27,0
2019-10-30,0.83159,0.84244,0.82997,0.84208,29346,27,0
2019-10-31,0.84211,0.8458,0.84199,0.84384,30473,26,0
2019-11-01,0.84385,0.84965,0.84366,0.84398,26161,26,0
2019-11-04,0.84516,0.84902,0.84019,0.84134,21861,27,0
2019-11-05,0.84136,0.84345,0.83766,0.83814,29888,27,0
2019-11-06,0.83821,0.84119,0.83736,0.83889,23411,27,0
2019-11-07,0.83886,0.84058,0.83588,0.83814,26340,27,0
2019-11-08,0.83836,0.84056,0.83478,0.83657,22597,27,0
2019-11-11,0.8369,0.84236,0.83614,0.8411,16446,29,0
2019-11-12,0.84119,0.84286,0.83652,0.83745,23151,27,0
2019-11-13,0.83745,0.8502,0.83705,0.84935,25725,27,0
2019-11-14,0.84937,0.85038,0.84291,0.84525,21333,27,0
2019-11-15,0.84525,0.84782,0.84369,0.84624,20000,28,0
2019-11-18,0.84606,0.84701,0.84431,0.84481,18025,26,0
2019-11-19,0.84481,0.85313,0.84273,0.85295,20352,28,0
2019-11-20,0.85295,0.85494,0.85148,0.85355,22920,28,0
2019-11-21,0.8534,0.85672,0.84947,0.85036,26629,27,0
2019-11-22,0.85015,0.85275,0.84945,0.8512,22652,30,0
2019-11-25,0.85196,0.85421,0.85075,0.8533,20805,28,0
2019-11-26,0.85311,0.85527,0.85166,0.8528,23389,28,0
2019-11-27,0.85279,0.85399,0.85086,0.85245,20174,29,0
2019-11-28,0.85245,0.85464,0.85042,0.85225,16820,29,0
2019-11-29,0.8523,0.85555,0.85109,0.8521,20440,28,0
2019-12-02,0.8534,0.8657,0.853,0.86525,22475,27,0
2019-12-03,0.865,0.86809,0.8639,0.86655,21750,27,0
2019-12-04,0.86655,0.86768,0.86078,0.86145,22119,27,0
2019-12-05,0.8614,0.86488,0.85825,0.86195,20691,27,0
2019-12-06,0.8619,0.87165,0.86181,0.87012,20201,26,0
2019-12-09,0.86849,0.86985,0.86611,0.86641,22117,27,0
2019-12-10,0.86662,0.8688,0.86447,0.86572,24957,27,0
2019-12-11,0.86545,0.86918,0.86313,0.86727,27956,27,0
2019-12-12,0.86727,0.87036,0.86575,0.86952,31330,27,0
2019-12-13,0.86895,0.8736,0.86769,0.86782,41734,27,0
2019-12-16,0.8692,0.86977,0.86617,0.86767,26501,27,0
2019-12-17,0.86767,0.86942,0.86348,0.86462,28389,27,0
2019-12-18,0.86465,0.8665,0.86127,0.86396,24948,27,0
2019-12-19,0.86385,0.8672,0.86215,0.86707,25243,26,0
2019-12-20,0.86685,0.87065,0.86541,0.8679,24778,27,0
2019-12-23,0.8671,0.87287,0.86671,0.87211,25060,27,0
2019-12-24,0.87206,0.87443,0.8696,0.87319,21776,29,0
2019-12-26,0.87398,0.87515,0.87315,0.87496,7551,31,0
2019-12-27,0.87434,0.87799,0.87345,0.87645,24535,27,0
2019-12-30,0.87499,0.87977,0.8741,0.87891,24845,30,0
2019-12-31,0.87807,0.87968,0.87307,0.87333,22156,27,0
2020-01-02,0.87281,0.87315,0.8683,0.8694,22895,29,0
2020-01-03,0.86989,0.86989,0.86283,0.86586,31705,27,0
2020-01-06,0.86443,0.8664,0.86222,0.86465,27280,27,0
2020-01-07,0.86484,0.86578,0.86178,0.86351,26603,28,0
2020-01-08,0.86351,0.86756,0.85997,0.86666,36140,27,0
2020-01-09,0.86628,0.86771,0.86272,0.86346,26849,28,0
2020-01-10,0.86328,0.86721,0.86158,0.86572,27451,27,0
2020-01-13,0.86601,0.868,0.8637,0.8655,25311,27,0
2020-01-14,0.86551,0.86665,0.86289,0.86346,25298,27,0
2020-01-15,0.8633,0.86523,0.8606,0.86281,23979,27,0
2020-01-16,0.86289,0.86881,0.86248,0.86551,23835,28,0
2020-01-17,0.86531,0.86711,0.86305,0.86357,21150,29,0
2020-01-20,0.8627,0.86509,0.86057,0.86195,17639,27,0
2020-01-21,0.86195,0.86407,0.8609,0.862,24300,27,0
2020-01-22,0.862,0.8669,0.86092,0.8656,24695,29,0
2020-01-23,0.86538,0.86932,0.86495,0.8684,26721,28,0
2020-01-24,0.8684,0.86985,0.86702,0.86847,23565,29,0
2020-01-27,0.86588,0.86723,0.86232,0.8632,26542,27,0
2020-01-28,0.86333,0.86335,0.85945,0.8609,22375,27,0
2020-01-29,0.8609,0.86229,0.85771,0.86135,22763,27,0
2020-01-30,0.86083,0.86166,0.85606,0.8564,25552,27,0
2020-01-31,0.8564,0.85734,0.85394,0.85467,29065,29,0
2020-02-03,0.85609,0.85963,0.85461,0.8583,29842,27,0
2020-02-04,0.85826,0.86299,0.85692,0.86125,28362,0,0
2020-02-05,0.86175,0.86282,0.85894,0.8597,29525,27,0
2020-02-06,0.85959,0.86126,0.85755,0.85775,24013,27,0
2020-02-07,0.85775,0.85864,0.85067,0.85142,25851,27,0
2020-02-10,0.85135,0.85332,0.8499,0.85007,26171,29,0
2020-02-11,0.84968,0.85252,0.8487,0.85058,24379,27,0
2020-02-12,0.85044,0.86053,0.85008,0.8566,25311,26,0
2020-02-13,0.85643,0.85665,0.85232,0.85385,27624,27,0
2020-02-14,0.85385,0.85445,0.8504,0.85216,18427,27,0
2020-02-17,0.85362,0.8539,0.84924,0.8516,16472,30,0
2020-02-18,0.8516,0.85228,0.84567,0.8465,22042,27,0
2020-02-19,0.84648,0.8479,0.84289,0.844,21713,28,0
2020-02-20,0.84348,0.84477,0.8387,0.8394,26434,27,0
2020-02-21,0.83938,0.84041,0.83506,0.83953,27965,27,0
2020-02-24,0.83676,0.84348,0.83583,0.8425,33476,27,0
2020-02-25,0.8425,0.84441,0.8383,0.83905,33919,27,0
2020-02-26,0.83881,0.83981,0.83656,0.83865,38232,28,0
2020-02-27,0.83798,0.84598,0.8377,0.84402,43294,27,0
2020-02-28,0.84389,0.84527,0.83123,0.83649,58522,27,0
2020-03-02,0.833,0.8391,0.83006,0.83446,48685,27,0
2020-03-03,0.8336,0.84457,0.83205,0.83954,47282,27,0
2020-03-04,0.83947,0.8434,0.83683,0.84285,35522,27,0
2020-03-05,0.8428,0.84866,0.84131,0.8449,31264,27,0
2020-03-06,0.8449,0.85507,0.84349,0.85277,45591,27,0
2020-03-09,0.85771,0.87384,0.82501,0.86702,80636,27,0
2020-03-10,0.86709,0.86899,0.85643,0.86007,63648,27,0
2020-03-11,0.85898,0.87,0.85789,0.86355,53309,28,0
2020-03-12,0.86366,0.86462,0.84392,0.84731,80898,27,0
2020-03-13,0.85118,0.85764,0.83479,0.83661,85700,27,0
2020-03-16,0.83714,0.85643,0.82832,0.84695,91626,27,0
2020-03-17,0.8461,0.85205,0.83718,0.8434,77463,28,0
2020-03-18,0.84643,0.84814,0.82523,0.83222,85060,27,0
2020-03-19,0.83224,0.85405,0.80106,0.82338,93324,27,0
2020-03-20,0.82283,0.83935,0.81331,0.81712,96171,28,0
2020-03-23,0.81371,0.83097,0.80804,0.8277,104655,29,0
2020-03-24,0.82459,0.84439,0.82377,0.84313,84215,27,0
2020-03-25,0.84331,0.84567,0.82673,0.82945,71739,27,0
2020-03-26,0.82886,0.84027,0.82196,0.83422,72007,27,0
2020-03-27,0.83443,0.84869,0.83234,0.84501,67192,27,0
2020-03-30,0.84524,0.85309,0.84262,0.85119,64659,27,0
2020-03-31,0.85047,0.85524,0.835,0.8384,76211,27,0
2020-04-01,0.83756,0.84689,0.83437,0.83876,63779,27,0
2020-04-02,0.83928,0.84251,0.83243,0.8361,57623,27,0
2020-04-03,0.8361,0.83804,0.82648,0.8315,53366,27,0
2020-04-06,0.83466,0.84205,0.83171,0.83646,51482,27,0
2020-04-07,0.83643,0.84285,0.83509,0.83615,53392,27,0
2020-04-08,0.83615,0.84664,0.8336,0.84119,49991,27,0
2020-04-09,0.8407,0.85089,0.83965,0.84954,53580,27,0
2020-04-10,0.84888,0.85159,0.84119,0.84392,27169,28,0
2020-04-13,0.84613,0.85012,0.84371,0.84593,36534,27,0
2020-04-14,0.84493,0.84993,0.84343,0.84744,40156,27,0
2020-04-15,0.84744,0.84789,0.83861,0.84616,43759,27,0
2020-04-16,0.84489,0.84639,0.83926,0.83969,46502,27,0
2020-04-17,0.8397,0.84991,0.83632,0.84488,47186,28,0
2020-04-20,0.84544,0.85531,0.84396,0.85369,43887,27,0
2020-04-21,0.85369,0.85396,0.84402,0.84651,61976,27,0
2020-04-22,0.84697,0.84995,0.8401,0.84239,48883,28,0
2020-04-23,0.84239,0.85058,0.83865,0.84519,46516,28,0
2020-04-24,0.84519,0.84862,0.84215,0.84791,36550,29,0
2020-04-27,0.84615,0.85415,0.84413,0.84844,35857,27,0
2020-04-28,0.84844,0.84917,0.84245,0.84749,39620,27,0
2020-04-29,0.84749,0.85291,0.84645,0.8509,36539,27,0
2020-04-30,0.85095,0.85736,0.84825,0.85424,42014,27,0
2020-05-01,0.85424,0.85556,0.84923,0.85361,35247,27,0
2020-05-04,0.85226,0.85467,0.84748,0.85134,37964,29,0
2020-05-05,0.85154,0.85366,0.84827,0.85005,35228,29,0
2020-05-06,0.84964,0.85513,0.84795,0.84924,38658,27,0
2020-05-07,0.84924,0.85439,0.84583,0.85036,37108,27,0
2020-05-08,0.85024,0.85689,0.8501,0.85408,32096,27,0
2020-05-11,0.85487,0.85585,0.84901,0.85124,35398,32,0
2020-05-12,0.85119,0.85643,0.84924,0.85529,36374,37,0
2020-05-13,0.85529,0.8569,0.84328,0.84511,46904,28,0
2020-05-14,0.84511,0.84581,0.83961,0.8424,41554,27,0
2020-05-15,0.84214,0.84425,0.83421,0.83692,39568,6,0
2020-05-18,0.83665,0.8442,0.83523,0.84164,31376,27,0
2020-05-19,0.84164,0.84845,0.84079,0.84674,37107,26,0
2020-05-20,0.84674,0.85487,0.84551,0.85389,35706,27,0
2020-05-21,0.85389,0.85495,0.85029,0.85385,38187,28,0
2020-05-22,0.8534,0.85728,0.85166,0.8532,36882,27,0
2020-05-25,0.85227,0.85379,0.85145,0.85299,29373,27,0
2020-05-26,0.85299,0.85938,0.85187,0.85354,37740,27,0
2020-05-27,0.85352,0.85585,0.84834,0.85049,46450,27,0
2020-05-28,0.8505,0.85685,0.84898,0.85434,45940,27,0
2020-05-29,0.85434,0.85678,0.8501,0.85396,50726,26,0
2020-06-01,0.85294,0.85705,0.85179,0.85344,44415,27,0
2020-06-02,0.85344,0.86139,0.84797,0.86099,46714,27,0
2020-06-03,0.86099,0.8689,0.85931,0.86629,51935,27,0
2020-06-04,0.86629,0.87383,0.86499,0.87244,47741,27,0
2020-06-05,0.87244,0.87782,0.87069,0.87293,49690,27,0
2020-06-08,0.8713,0.87771,0.87039,0.87764,40386,27,0
2020-06-09,0.87764,0.8792,0.87134,0.87374,46570,27,0
2020-06-10,0.87374,0.87773,0.87168,0.87639,51623,27,0
2020-06-11,0.87644,0.87838,0.87221,0.87629,64816,27,0
2020-06-12,0.87629,0.87721,0.87097,0.87595,68814,27,0
2020-06-15,0.87551,0.87958,0.87276,0.87849,65395,27,0
2020-06-16,0.87854,0.8796,0.87216,0.8732,59710,27,0
2020-06-17,0.87352,0.87733,0.87115,0.87574,50118,27,0
2020-06-18,0.87574,0.87774,0.87237,0.8741,52073,27,0
2020-06-19,0.87409,0.87523,0.87088,0.87154,46888,26,0
2020-06-22,0.86862,0.87875,0.86862,0.87589,39871,27,0
2020-06-23,0.87589,0.88193,0.87237,0.87924,47171,27,0
2020-06-24,0.87905,0.88105,0.87111,0.87374,48601,28,0
2020-06-25,0.87376,0.87791,0.873,0.87649,44513,27,0
2020-06-26,0.8762,0.88007,0.87546,0.87889,37326,28,0
2020-06-29,0.8764,0.87947,0.87545,0.87664,37752,28,0
2020-06-30,0.87728,0.87836,0.87435,0.87589,38638,26,0
2020-07-01,0.87595,0.88015,0.87452,0.8796,35450,27,0
2020-07-02,0.8795,0.88749,0.8788,0.88269,37544,27,0
2020-07-03,0.8825,0.8867,0.88098,0.88409,26604,36,0
2020-07-06,0.88387,0.88876,0.8832,0.88724,32028,27,0
2020-07-07,0.88719,0.89269,0.88473,0.89011,35300,27,0
2020-07-08,0.89009,0.89194,0.88712,0.88809,37185,27,0
2020-07-09,0.88798,0.89276,0.88698,0.89215,41057,27,0
2020-07-10,0.89214,0.89472,0.89018,0.89318,37643,27,0
2020-07-13,0.89256,0.8937,0.88928,0.88964,36749,27,0
2020-07-14,0.88947,0.89019,0.88592,0.88889,44407,27,0
2020-07-15,0.88889,0.89275,0.88667,0.88734,38760,27,0
2020-07-16,0.88734,0.88878,0.88417,0.88671,37569,27,0
2020-07-17,0.88634,0.8909,0.8859,0.89021,26370,29,0
2020-07-20,0.88859,0.89089,0.88811,0.88975,26545,27,0
2020-07-21,0.88985,0.89365,0.88611,0.89364,30378,27,0
2020-07-22,0.89354,0.89777,0.89259,0.89349,37435,27,0
2020-07-23,0.89349,0.89531,0.88744,0.88944,40304,27,0
2020-07-24,0.88959,0.89105,0.88787,0.8908,41785,27,0
2020-07-27,0.88947,0.89645,0.88843,0.89249,38326,28,0
2020-07-28,0.89249,0.89345,0.88765,0.89074,38971,29,0
2020-07-29,0.8897,0.89142,0.88744,0.8892,36102,27,0
2020-07-30,0.88924,0.8994,0.88575,0.89885,45330,27,0
2020-07-31,0.89885,0.90089,0.88675,0.88894,51001,28,0
2020-08-03,0.88774,0.89063,0.88286,0.8851,37088,28,0
2020-08-04,0.88508,0.8869,0.88153,0.88169,35195,27,0
2020-08-05,0.88154,0.88468,0.88067,0.88155,36532,27,0
2020-08-06,0.88125,0.88994,0.87958,0.8894,40495,28,0
2020-08-07,0.88829,0.89127,0.88236,0.88311,41078,28,0
2020-08-10,0.8843,0.8843,0.87887,0.87969,27189,27,0
2020-08-11,0.87969,0.88267,0.87351,0.8745,37700,27,0
2020-08-12,0.8743,0.8753,0.86866,0.87104,41110,31,0
2020-08-13,0.87097,0.87287,0.86415,0.8655,35609,27,0
2020-08-14,0.86522,0.86886,0.86287,0.8678,29655,28,0
2020-08-17,0.8658,0.86819,0.86247,0.86624,27172,29,0
2020-08-18,0.86605,0.8695,0.86179,0.86905,34133,29,0
2020-08-19,0.8691,0.87446,0.86603,0.86615,37420,31,0
2020-08-20,0.8662,0.8683,0.85748,0.8614,39764,28,0
2020-08-21,0.86135,0.86392,0.8598,0.8629,36133,27,0
2020-08-24,0.85947,0.86512,0.85872,0.86238,29999,27,0
2020-08-25,0.86235,0.86454,0.86071,0.86215,31936,27,0
2020-08-26,0.86215,0.87082,0.86149,0.86995,31209,31,0
2020-08-27,0.86974,0.87487,0.86789,0.8712,44173,27,0
2020-08-28,0.8712,0.88341,0.86929,0.88229,42715,27,0
2020-08-31,0.88045,0.88268,0.87783,0.8782,38113,28,0
2020-09-01,0.87799,0.88521,0.8767,0.88254,43184,30,0
2020-09-02,0.8826,0.88655,0.88116,0.88305,38678,29,0
2020-09-03,0.88295,0.88396,0.87909,0.8808,43920,27,0
2020-09-04,0.88045,0.8807,0.87501,0.87731,46123,29,0
2020-09-07,0.8756,0.879,0.87526,0.87596,27245,29,0
2020-09-08,0.87595,0.87845,0.87365,0.87575,41289,27,0
2020-09-09,0.87575,0.88181,0.8743,0.87839,37418,28,0
2020-09-10,0.87835,0.88005,0.87598,0.87705,40225,29,0
2020-09-11,0.87699,0.88095,0.87532,0.87864,33725,30,0
2020-09-14,0.87784,0.88478,0.87691,0.8825,27151,30,0
2020-09-15,0.88244,0.88607,0.88045,0.885,29080,31,0
2020-09-16,0.88499,0.88953,0.88414,0.88685,39939,27,0
2020-09-17,0.88674,0.88986,0.88384,0.88906,42131,28,0
2020-09-18,0.88867,0.89381,0.88711,0.89197,37333,28,0
2020-09-21,0.8926,0.89313,0.88439,0.88694,43286,27,0
2020-09-22,0.88695,0.88882,0.88209,0.88209,40606,29,0
2020-09-23,0.88155,0.88358,0.87405,0.87603,41891,27,0
2020-09-24,0.87609,0.87691,0.87241,0.87424,42519,29,0
2020-09-25,0.87424,0.87956,0.87232,0.87611,36342,27,0
2020-09-28,0.87518,0.87796,0.87473,0.87563,33771,31,0
2020-09-29,0.87567,0.8835,0.8752,0.88219,31303,26,0
2020-09-30,0.88189,0.88457,0.87935,0.88133,41263,28,0
2020-10-01,0.88115,0.88451,0.88004,0.88334,34460,28,0
2020-10-02,0.88295,0.88415,0.88078,0.88282,41834,26,0
2020-10-05,0.88222,0.88357,0.87969,0.88045,28168,27,0
2020-10-06,0.88081,0.88252,0.87623,0.87669,34420,24,0
2020-10-07,0.8766,0.87824,0.87159,0.87159,29705,23,0
2020-10-08,0.87214,0.87309,0.86785,0.86785,26225,23,0
2020-10-09,0.8681,0.8754,0.86645,0.87463,25185,24,0
2020-10-12,0.87339,0.87521,0.87067,0.87125,21216,26,0
2020-10-13,0.87135,0.87399,0.87026,0.8733,28485,32,0
2020-10-14,0.87324,0.87785,0.87275,0.8743,28450,30,0
2020-10-15,0.87456,0.87574,0.86977,0.87144,34351,29,0
2020-10-16,0.8715,0.8735,0.87024,0.87124,28530,27,0
2020-10-19,0.87145,0.87523,0.86987,0.871,25435,30,0
2020-10-20,0.8711,0.8712,0.8632,0.86334,26846,26,0
2020-10-21,0.86334,0.87616,0.86245,0.87413,30575,27,0
2020-10-22,0.87413,0.87828,0.87293,0.8765,30107,27,0
2020-10-23,0.8763,0.87919,0.87449,0.87774,27130,27,0
2020-10-26,0.87819,0.8834,0.87756,0.88058,30317,31,0
2020-10-27,0.88061,0.88488,0.88042,0.88391,26731,29,0
2020-10-28,0.88393,0.88698,0.88184,0.88447,37195,29,0
2020-10-29,0.88452,0.88586,0.88146,0.88278,37283,33,0
2020-10-30,0.88278,0.88611,0.87947,0.88091,40845,34,0
2020-11-02,0.8794,0.88188,0.87604,0.87605,36654,34,0
2020-11-03,0.87589,0.88225,0.87541,0.87892,32609,34,0
2020-11-04,0.87914,0.88301,0.87613,0.87871,64439,33,0
2020-11-05,0.87875,0.88388,0.8778,0.8826,47429,32,0
2020-11-06,0.88275,0.88813,0.88076,0.8842,40719,33,0
2020-11-09,0.88507,0.88837,0.8828,0.88657,51402,34,0
2020-11-10,0.88685,0.89043,0.88534,0.88972,42745,34,0
2020-11-11,0.88919,0.89974,0.88781,0.89858,34325,33,0
2020-11-12,0.89867,0.90288,0.89721,0.89867,31654,34,0
2020-11-13,0.89868,0.90043,0.89467,0.89893,26333,35,0
2020-11-16,0.8989,0.904,0.89787,0.90235,27675,35,0
2020-11-17,0.90225,0.9039,0.89995,0.90284,25649,34,0
2020-11-18,0.9029,0.90654,0.90147,0.90535,29450,34,0
2020-11-19,0.9056,0.9059,0.90183,0.90405,31389,34,0
2020-11-20,0.9036,0.90909,0.90176,0.90712,31168,35,0
2020-11-23,0.90602,0.90978,0.9038,0.9055,30903,33,0
2020-11-24,0.9054,0.91203,0.90392,0.90625,34912,33,0
2020-11-25,0.90645,0.91159,0.9054,0.91075,32008,34,0
2020-11-26,0.91065,0.91255,0.90927,0.9112,24168,35,0
2020-11-27,0.91129,0.91364,0.91081,0.91134,28852,33,0
2020-11-30,0.91355,0.9147,0.90949,0.91184,39406,34,0
2020-12-01,0.91135,0.91533,0.91058,0.91315,36506,34,0
2020-12-02,0.91304,0.9151,0.91038,0.91264,35418,35,0
2020-12-03,0.91275,0.91611,0.90919,0.90945,32358,34,0
2020-12-04,0.90945,0.91044,0.89853,0.89969,34311,34,0
2020-12-07,0.89977,0.90433,0.89844,0.90095,31663,34,0
2020-12-08,0.90095,0.90374,0.89875,0.9022,34895,34,0
2020-12-09,0.90223,0.90645,0.89914,0.89939,35979,34,0
2020-12-10,0.8994,0.90452,0.89822,0.90355,39325,34,0
2020-12-11,0.90344,0.90591,0.90253,0.90384,36864,34,0
2020-12-14,0.90493,0.90739,0.90301,0.90301,33938,34,0
2020-12-15,0.90347,0.90448,0.89945,0.89945,33230,34,0
2020-12-16,0.8995,0.90711,0.89891,0.90591,36886,34,0
2020-12-17,0.90558,0.91088,0.90494,0.90922,30215,34,0
2020-12-18,0.90901,0.91271,0.90718,0.91222,32323,34,0
2020-12-21,0.91,0.91288,0.90529,0.91211,47389,33,0
2020-12-22,0.9123,0.9132,0.90701,0.90824,36445,34,0
2020-12-23,0.9081,0.91286,0.90729,0.91075,34076,34,0
2020-12-24,0.91139,0.9134,0.90812,0.91325,22527,34,0
2020-12-28,0.91366,0.91556,0.91141,0.91183,28138,34,0
2020-12-29,0.91158,0.91691,0.90983,0.91564,29025,34,0
2020-12-30,0.91594,0.92074,0.91465,0.9185,28136,34,0
2020-12-31,0.91791,0.9221,0.9159,0.91684,24135,34,0
2021-01-04,0.91461,0.91756,0.91294,0.91639,46079,34,0
2021-01-05,0.9164,0.92124,0.91508,0.9182,56246,34,0
2021-01-06,0.91829,0.92548,0.9172,0.92454,71905,34,0
2021-01-07,0.9243,0.92515,0.91887,0.9202,57327,34,0
2021-01-08,0.92019,0.92263,0.91759,0.91829,58573,34,0
2021-01-11,0.91815,0.91997,0.91504,0.91519,41366,34,0
2021-01-12,0.91525,0.91914,0.91357,0.91817,38808,34,0
2021-01-13,0.91705,0.91953,0.91094,0.91099,36326,34,0
2021-01-14,0.91077,0.91397,0.90971,0.91267,35839,34,0
2021-01-15,0.91185,0.9133,0.90781,0.908,40429,34,0
2021-01-18,0.90892,0.91064,0.90549,0.90639,35831,35,0
2021-01-19,0.9063,0.90842,0.90461,0.90609,32323,34,0
2021-01-20,0.90605,0.90728,0.90363,0.90542,34713,35,0
2021-01-21,0.9056,0.91231,0.90506,0.91144,34193,26,0
2021-01-22,0.91117,0.91421,0.90965,0.91401,33656,34,0
2021-01-25,0.91216,0.91782,0.91134,0.91666,38269,34,0
2021-01-26,0.917,0.92058,0.91579,0.9179,32046,34,0
2021-01-27,0.91805,0.92015,0.91584,0.91614,48537,34,0
2021-01-28,0.91582,0.92044,0.91418,0.91955,48520,34,0
2021-01-29,0.91964,0.92152,0.91708,0.91762,55650,33,0
2021-02-01,0.91615,0.92057,0.91562,0.91911,48479,34,0
2021-02-02,0.91971,0.92075,0.91539,0.91894,41000,31,0
2021-02-03,0.91879,0.92267,0.91808,0.92139,36071,34,0
2021-02-04,0.92139,0.92342,0.91717,0.91777,32465,34,0
2021-02-05,0.91773,0.91974,0.91335,0.91887,31520,34,0
2021-02-08,0.91697,0.92182,0.91665,0.91919,30169,34,0
2021-02-09,0.91965,0.92304,0.91853,0.9188,32925,34,0
2021-02-10,0.9188,0.9197,0.91441,0.91611,33663,34,0
2021-02-11,0.91575,0.91819,0.91484,0.91784,27276,34,0
2021-02-12,0.91784,0.9186,0.91481,0.91605,24711,34,0
2021-02-15,0.91405,0.91788,0.91236,0.91264,21632,34,0
2021-02-16,0.91305,0.9185,0.91246,0.91427,49959,37,0
2021-02-17,0.9148,0.91565,0.91029,0.91291,56531,35,0
2021-02-18,0.91286,0.91596,0.91215,0.9149,55793,39,0
2021-02-19,0.91469,0.92145,0.91409,0.92021,55987,39,0
2021-02-22,0.91926,0.92587,0.91888,0.92405,60256,38,0
2021-02-23,0.92407,0.92495,0.92025,0.92304,63902,35,0
2021-02-24,0.92347,0.93271,0.92049,0.93079,72668,39,0
2021-02-25,0.93024,0.93227,0.92705,0.92816,93797,39,0
2021-02-26,0.92885,0.93006,0.91864,0.92056,114586,39,0
2021-03-01,0.92065,0.92536,0.91701,0.91851,68068,39,0
2021-03-02,0.9184,0.92176,0.91091,0.92123,72628,35,0
2021-03-03,0.92046,0.92204,0.91498,0.91675,69612,39,0
2021-03-04,0.91674,0.91905,0.90962,0.91027,95771,39,0
2021-03-05,0.91028,0.9111,0.90384,0.90594,96754,38,0
2021-03-08,0.90663,0.90761,0.90131,0.90159,74919,39,0
2021-03-09,0.90154,0.90716,0.89971,0.90637,68393,39,0
2021-03-10,0.90506,0.90873,0.90411,0.90744,61249,39,0
2021-03-11,0.90755,0.91099,0.90372,0.9054,56418,39,0
2021-03-12,0.90536,0.90589,0.89385,0.89556,60375,39,0
2021-03-15,0.89594,0.89865,0.89504,0.89797,50057,39,0
2021-03-16,0.89789,0.8988,0.8923,0.89414,43850,39,0
2021-03-17,0.89414,0.9012,0.89241,0.89648,50319,39,0
2021-03-18,0.89648,0.89934,0.89318,0.89462,68684,39,0
2021-03-19,0.89464,0.89714,0.89354,0.89584,56567,40,0
2021-03-22,0.89385,0.89939,0.89385,0.89575,31131,39,0
2021-03-23,0.8958,0.89601,0.87924,0.88111,39152,39,0
2021-03-24,0.88116,0.88166,0.87321,0.87552,33507,35,0
2021-03-25,0.87583,0.87843,0.87471,0.8763,38199,39,0
2021-03-26,0.8763,0.88025,0.876,0.87954,29753,39,0
2021-03-29,0.87918,0.88378,0.87812,0.88067,29175,39,0
2021-03-30,0.88065,0.88481,0.87975,0.88143,29575,39,0
2021-03-31,0.88126,0.8824,0.87661,0.877,30843,39,0
2021-04-01,0.87708,0.8822,0.87466,0.88027,31346,39,0
2021-04-02,0.87936,0.88464,0.87842,0.88321,16133,1,0
2021-04-05,0.88278,0.88552,0.88189,0.88341,21315,39,0
2021-04-06,0.88316,0.88721,0.87982,0.88645,29387,38,0
2021-04-07,0.88643,0.88848,0.88343,0.88368,33578,39,0
2021-04-08,0.88377,0.88862,0.88252,0.88629,32176,40,0
2021-04-09,0.88599,0.88715,0.88099,0.88127,33002,39,0
2021-04-12,0.88108,0.88371,0.88008,0.88255,30994,39,0
2021-04-13,0.88267,0.88672,0.88101,0.88385,33195,37,0
2021-04-14,0.88372,0.89583,0.88181,0.89343,35511,38,0
2021-04-15,0.89286,0.90017,0.89251,0.89862,33673,37,0
2021-04-16,0.89882,0.90023,0.89096,0.89326,30775,34,0
2021-04-19,0.89138,0.90028,0.8909,0.89901,35777,37,0
2021-04-20,0.89945,0.90567,0.8977,0.90383,39003,39,0
2021-04-21,0.90392,0.90805,0.89874,0.90067,35258,39,0
2021-04-22,0.90066,0.90121,0.89351,0.89561,37367,39,0
2021-04-23,0.8955,0.89846,0.89361,0.89766,29090,37,0
2021-04-26,0.89679,0.89975,0.89473,0.89648,31586,34,0
2021-04-27,0.89642,0.89661,0.89308,0.89314,28602,34,0
2021-04-28,0.89326,0.89591,0.89136,0.8936,34369,36,0
2021-04-29,0.8936,0.89517,0.88843,0.8893,34853,34,0
2021-04-30,0.88923,0.89051,0.87861,0.87986,35534,37,0
2021-05-03,0.88018,0.88509,0.87914,0.88358,29782,37,0
2021-05-04,0.88317,0.88416,0.87728,0.87904,38989,38,0
2021-05-05,0.87889,0.88546,0.87835,0.88462,31106,38,0
2021-05-06,0.88471,0.88611,0.8771,0.87844,36859,39,0
2021-05-07,0.87847,0.88554,0.87769,0.88291,37639,40,0
2021-05-10,0.8825,0.8842,0.87839,0.87867,34131,38,0
2021-05-11,0.8784,0.88182,0.87781,0.87944,39395,37,0
2021-05-12,0.87957,0.87984,0.86632,0.86809,47088,39,0
2021-05-13,0.86755,0.87478,0.86643,0.8736,46252,39,0
2021-05-14,0.8736,0.87824,0.87106,0.87781,33860,39,0
2021-05-17,0.87574,0.87765,0.86744,0.86977,31781,36,0
2021-05-18,0.86939,0.87446,0.86779,0.87251,29119,39,0
2021-05-19,0.87251,0.87404,0.86616,0.86924,44614,34,0
2021-05-20,0.86929,0.87112,0.86708,0.86823,33089,39,0
2021-05-21,0.86666,0.86897,0.86326,0.86391,33249,39,0
2021-05-24,0.86546,0.87058,0.86335,0.86856,29542,35,0
2021-05-25,0.8685,0.87316,0.86721,0.87166,33386,39,0
2021-05-26,0.87166,0.88503,0.87029,0.88218,36085,39,0
2021-05-27,0.88202,0.88421,0.87865,0.87957,32641,38,0
2021-05-28,0.87949,0.88021,0.87341,0.87521,31989,37,0
2021-05-31,0.87543,0.87947,0.87343,0.87622,24664,38,0
2021-06-01,0.87589,0.87808,0.87101,0.87543,30390,34,0
2021-06-02,0.87543,0.87663,0.87011,0.87068,27488,37,0
2021-06-03,0.87087,0.87121,0.86284,0.86455,31238,38,0
2021-06-04,0.86467,0.87135,0.86429,0.87026,28827,39,0
2021-06-07,0.86893,0.87468,0.86798,0.87275,24125,36,0
2021-06-08,0.87277,0.87371,0.86915,0.87118,26180,37,0
2021-06-09,0.87132,0.87198,0.86646,0.86904,23415,35,0
2021-06-10,0.86905,0.87116,0.86749,0.86989,28720,34,0
2021-06-11,0.86986,0.87102,0.86407,0.86691,25201,37,0
2021-06-14,0.8665,0.86905,0.86569,0.86709,24160,36,0
2021-06-15,0.86732,0.86936,0.86552,0.86741,27546,38,0
2021-06-16,0.86741,0.87096,0.86389,0.86514,33190,37,0
2021-06-17,0.86505,0.87141,0.86331,0.86532,41905,39,0
2021-06-18,0.86471,0.86609,0.85971,0.86386,42470,39,0
2021-06-21,0.86427,0.86797,0.86207,0.86295,39819,39,0
2021-06-22,0.86295,0.8664,0.86215,0.86382,30882,35,0
2021-06-23,0.86354,0.86932,0.86212,0.86672,27316,37,0
2021-06-24,0.86672,0.87071,0.86353,0.86972,26654,34,0
2021-06-25,0.86972,0.87204,0.86801,0.86916,24337,35,0
2021-06-28,0.86918,0.87074,0.86706,0.86839,27301,39,0
2021-06-29,0.86839,0.86945,0.86356,0.86653,27923,37,0
2021-06-30,0.86658,0.86779,0.86286,0.86576,28371,34,0
2021-07-01,0.86576,0.86757,0.8642,0.86619,27361,38,0
2021-07-02,0.86619,0.86693,0.86268,0.86656,29915,36,0
2021-07-05,0.86474,0.87244,0.86336,0.86586,24244,36,0
2021-07-06,0.86589,0.87787,0.86463,0.87271,35112,39,0
2021-07-07,0.87271,0.87783,0.87205,0.87549,35379,37,0
2021-07-08,0.87521,0.87621,0.86921,0.87044,46951,39,0
2021-07-09,0.87044,0.87357,0.86861,0.87131,35957,39,0
2021-07-12,0.8705,0.8725,0.86855,0.86898,30541,37,0
2021-07-13,0.86917,0.87246,0.86642,0.86876,32083,39,0
2021-07-14,0.86877,0.88046,0.86776,0.87991,38488,39,0
2021-07-15,0.8797,0.8811,0.87586,0.87879,36992,38,0
2021-07-16,0.87879,0.8845,0.87736,0.88321,35622,39,0
2021-07-19,0.88171,0.89103,0.88103,0.88462,47504,39,0
2021-07-20,0.88464,0.88527,0.87671,0.87682,41574,38,0
2021-07-21,0.87681,0.87915,0.87312,0.8752,32585,38,0
2021-07-22,0.8744,0.87666,0.87334,0.87564,30117,38,0
2021-07-23,0.87404,0.87894,0.87378,0.87661,26464,38,0
2021-07-26,0.87515,0.87859,0.87421,0.87767,27614,38,0
2021-07-27,0.87767,0.87835,0.87296,0.87643,36038,38,0
2021-07-28,0.87598,0.87703,0.86677,0.87084,38122,38,0
2021-07-29,0.87084,0.87342,0.86924,0.87203,28466,39,0
2021-07-30,0.87191,0.87304,0.86806,0.86931,33521,38,0
2021-08-02,0.86844,0.87251,0.8676,0.87124,27993,38,0
2021-08-03,0.87124,0.88071,0.86979,0.87939,30901,37,0
2021-08-04,0.87939,0.88867,0.87881,0.88284,29611,39,0
2021-08-05,0.88284,0.88478,0.88101,0.88146,26457,40,0
2021-08-06,0.88146,0.8832,0.87984,0.88011,26802,38,0
2021-08-09,0.87889,0.88206,0.87786,0.87912,28690,34,0
2021-08-10,0.87912,0.87961,0.87641,0.87728,23678,35,0
2021-08-11,0.87662,0.88211,0.87395,0.87968,25556,34,0
2021-08-12,0.87989,0.88134,0.87526,0.87647,22878,36,0
2021-08-13,0.87647,0.8816,0.87581,0.88061,19079,37,0
2021-08-16,0.88094,0.88371,0.87968,0.88224,24319,37,0
2021-08-17,0.88224,0.88393,0.87111,0.87342,33473,36,0
2021-08-18,0.87327,0.87647,0.86771,0.87071,34434,37,0
2021-08-19,0.87057,0.87641,0.86774,0.87523,45698,39,0
2021-08-20,0.87523,0.88202,0.8742,0.87651,36101,39,0
2021-08-23,0.87357,0.87672,0.86511,0.87115,31093,37,0
2021-08-24,0.87097,0.87764,0.87018,0.87496,27592,36,0
2021-08-25,0.87496,0.87971,0.87316,0.87752,26391,37,0
2021-08-26,0.87752,0.88151,0.87601,0.88063,26312,36,0
2021-08-27,0.88063,0.88523,0.879,0.88436,27082,37,0
2021-08-30,0.88251,0.88468,0.88044,0.88176,20310,35,0
2021-08-31,0.88176,0.89036,0.88031,0.88852,32243,37,0
2021-09-01,0.88852,0.89241,0.88655,0.89173,28428,35,0
2021-09-02,0.89142,0.89581,0.89061,0.89205,23624,37,0
2021-09-03,0.89234,0.89726,0.89092,0.89571,28006,37,0
2021-09-06,0.89521,0.89666,0.89297,0.89383,26824,36,0
2021-09-07,0.89393,0.89786,0.89193,0.89742,30609,36,0
2021-09-08,0.89729,0.90302,0.89582,0.90079,34528,37,0
2021-09-09,0.90016,0.90396,0.89866,0.89939,34581,36,0
2021-09-10,0.89939,0.90225,0.89808,0.90225,40864,29,0
2021-09-13,0.90174,0.90306,0.8993,0.89977,41334,29,0
2021-09-14,0.89951,0.90152,0.89819,0.90047,45478,29,0
2021-09-15,0.90047,0.90087,0.89669,0.89691,35151,29,0
2021-09-16,0.89679,0.90029,0.89539,0.89691,37248,29,0
2021-09-17,0.89666,0.8983,0.89424,0.8982,40501,29,0
2021-09-20,0.89675,0.90338,0.89571,0.90084,54362,29,0
2021-09-21,0.90063,0.90106,0.89555,0.89708,48525,29,0
2021-09-22,0.89665,0.89939,0.89336,0.89368,49908,29,0
2021-09-23,0.89328,0.89724,0.89017,0.89402,45154,29,0
2021-09-24,0.8936,0.89611,0.8863,0.88744,39352,29,0
2021-09-27,0.88528,0.88783,0.88474,0.88535,42459,30,0
2021-09-28,0.88535,0.8855,0.87977,0.88226,55220,30,0
2021-09-29,0.8822,0.8828,0.87498,0.87512,55115,29,0
2021-09-30,0.87543,0.87769,0.87321,0.87444,59137,29,0
2021-10-01,0.87444,0.87906,0.8717,0.87682,59410,29,0
2021-10-04,0.8766,0.87921,0.87464,0.87635,54152,29,0
2021-10-05,0.87595,0.87785,0.87414,0.87531,43419,29,0
2021-10-06,0.87517,0.87799,0.86906,0.86977,57749,29,0
2021-10-07,0.86977,0.87267,0.86892,0.86904,43232,29,0
2021-10-08,0.86904,0.87141,0.86364,0.86405,48122,29,0
2021-10-11,0.8626,0.86754,0.86222,0.8654,39484,29,0
2021-10-12,0.86497,0.86809,0.86316,0.86343,43994,29,0
2021-10-13,0.86329,0.86678,0.86172,0.86503,45351,29,0
2021-10-14,0.86571,0.8715,0.8644,0.86987,36972,29,0
2021-10-15,0.86915,0.87622,0.86838,0.87445,42235,29,0
2021-10-18,0.87377,0.87763,0.87299,0.87664,44483,29,0
2021-10-19,0.87607,0.88603,0.87528,0.88403,41925,29,0
2021-10-20,0.88349,0.88807,0.88267,0.88651,40655,29,0
2021-10-21,0.88651,0.88735,0.88238,0.88484,41479,29,0
2021-10-22,0.88438,0.88637,0.88025,0.88402,46044,29,0
2021-10-25,0.88305,0.88785,0.88162,0.88664,42038,30,0
2021-10-26,0.88632,0.88841,0.88511,0.88688,39040,30,0
2021-10-27,0.88654,0.89076,0.88193,0.88583,46951,29,0
2021-10-28,0.8853,0.89024,0.88369,0.88854,51106,29,0
2021-10-29,0.88853,0.88898,0.88369,0.88708,47209,29,0
2021-11-01,0.88695,0.89058,0.88669,0.88786,37354,29,0
2021-11-02,0.88786,0.88935,0.88006,0.88335,39266,29,0
2021-11-03,0.88335,0.88843,0.88293,0.88596,41332,29,0
2021-11-04,0.88596,0.88848,0.88323,0.8845,42303,29,0
2021-11-05,0.8845,0.88688,0.88193,0.8867,41508,29,0
2021-11-08,0.88505,0.89394,0.88457,0.89089,35129,29,0
2021-11-09,0.89088,0.8918,0.88518,0.88621,39934,29,0
2021-11-10,0.88551,0.88694,0.88024,0.88116,49210,29,0
2021-11-11,0.88094,0.88546,0.87867,0.88277,40688,29,0
2021-11-12,0.88243,0.88526,0.88099,0.88338,35927,29,0
2021-11-15,0.88184,0.88654,0.88055,0.88132,34766,29,0
2021-11-16,0.88108,0.88287,0.87714,0.87731,39153,29,0
2021-11-17,0.87693,0.88334,0.87653,0.88192,41615,29,0
2021-11-18,0.88176,0.88867,0.88124,0.8874,42139,29,0
2021-11-19,0.88675,0.88771,0.88416,0.88441,49429,29,0
2021-11-22,0.88485,0.88642,0.88231,0.88272,45304,29,0
2021-11-23,0.8826,0.88535,0.87973,0.8802,52064,29,0
2021-11-24,0.87982,0.88161,0.86838,0.87024,51648,29,0
2021-11-25,0.86977,0.87187,0.86555,0.86671,32013,29,0
2021-11-26,0.86688,0.87312,0.86585,0.87132,64173,29,0
2021-11-29,0.8705,0.87127,0.86682,0.86887,53103,29,0
2021-11-30,0.86907,0.87491,0.86723,0.87131,74758,29,0
2021-12-01,0.87142,0.87459,0.86995,0.87224,66449,29,0
2021-12-02,0.87197,0.87548,0.87028,0.87276,62064,29,0
2021-12-03,0.87254,0.8733,0.86326,0.86673,61402,29,0
2021-12-06,0.86564,0.86682,0.86048,0.86086,46783,29,0
2021-12-07,0.86031,0.86205,0.85525,0.85783,42789,29,0
2021-12-08,0.85763,0.86267,0.85473,0.8612,52361,29,0
2021-12-09,0.86035,0.86387,0.86004,0.86358,39234,29,0
2021-12-10,0.86294,0.86512,0.86031,0.86479,43261,29,0
2021-12-13,0.86495,0.8656,0.86288,0.86434,40847,29,0
2021-12-14,0.86438,0.86815,0.86357,0.86676,43162,29,0
2021-12-15,0.86638,0.8713,0.86447,0.87,49452,29,0
2021-12-16,0.86977,0.87281,0.8676,0.86832,54965,29,0
2021-12-17,0.86832,0.86889,0.86511,0.86842,52666,29,0
2021-12-20,0.86865,0.8704,0.86606,0.86835,57967,29,0
2021-12-21,0.86786,0.87463,0.86729,0.87392,42813,29,0
2021-12-22,0.87392,0.87686,0.87039,0.87393,37775,29,0
2021-12-23,0.87336,0.87666,0.87252,0.87365,29610,29,0
2021-12-24,0.87364,0.87516,0.87111,0.87291,58838,34,0
2021-12-27,0.87391,0.87391,0.87,0.87125,23435,29,0
2021-12-28,0.87095,0.87285,0.86953,0.87144,25942,30,0
2021-12-29,0.87144,0.87566,0.86988,0.8728,32521,30,0
2021-12-30,0.8728,0.87634,0.86946,0.86968,28590,29,0
2021-12-31,0.86985,0.87111,0.86392,0.8651,28758,31,0
2022-01-03,0.86289,0.86713,0.86246,0.86422,32265,30,0
2022-01-04,0.86414,0.8665,0.86244,0.86467,35314,29,0
2022-01-05,0.8645,0.86869,0.8626,0.86641,40229,29,0
2022-01-06,0.86633,0.867,0.85614,0.85827,49116,29,0
2022-01-07,0.85794,0.85898,0.85544,0.85639,41632,30,0
2022-01-10,0.85575,0.85775,0.85375,0.85695,47233,29,0
2022-01-11,0.85633,0.85751,0.85055,0.85288,46861,29,0
2022-01-12,0.8523,0.8574,0.84899,0.85614,45186,29,0
2022-01-13,0.85603,0.85931,0.85284,0.85855,44255,29,0
2022-01-14,0.85855,0.85872,0.85328,0.85433,52073,29,0
2022-01-17,0.85265,0.85427,0.8499,0.8499,35814,29,0
2022-01-18,0.84947,0.85081,0.8462,0.84653,54654,29,0
2022-01-19,0.84614,0.85077,0.84555,0.84842,53480,29,0
2022-01-20,0.84783,0.84863,0.84394,0.84425,53393,29,0
2022-01-21,0.84402,0.845,0.84032,0.84453,63115,29,0
2022-01-24,0.8441,0.84652,0.84293,0.84637,69662,29,0
2022-01-25,0.84563,0.84681,0.84154,0.84406,68891,29,0
2022-01-26,0.84358,0.84456,0.83977,0.8422,66080,29,0
2022-01-27,0.8421,0.84325,0.83693,0.83827,73093,29,0
2022-01-28,0.83784,0.83907,0.83482,0.83545,67745,29,0
2022-01-31,0.83446,0.8412,0.83427,0.83506,55596,29,0
2022-02-01,0.83503,0.84304,0.83448,0.84162,52066,29,0
2022-02-02,0.84162,0.84341,0.83864,0.83864,47248,29,0
2022-02-03,0.83903,0.84604,0.83817,0.84372,56658,29,0
2022-02-04,0.84372,0.84644,0.84096,0.84392,59209,30,0
2022-02-07,0.8418,0.84468,0.83908,0.83963,48989,29,0
2022-02-08,0.83963,0.84472,0.83896,0.84423,45370,29,0
2022-02-09,0.84385,0.84947,0.84332,0.84635,37694,29,0
2022-02-10,0.84635,0.85136,0.84508,0.84757,61192,29,0
2022-02-11,0.84757,0.84902,0.84451,0.84595,72243,29,0
2022-02-14,0.84459,0.84625,0.8405,0.84156,67498,29,0
2022-02-15,0.84148,0.84651,0.84044,0.84398,54744,29,0
2022-02-16,0.84368,0.84842,0.84091,0.84676,48863,29,0
2022-02-17,0.84676,0.85274,0.84631,0.8492,61511,29,0
2022-02-18,0.8492,0.85416,0.84886,0.85358,51749,29,0
2022-02-21,0.85264,0.85742,0.85225,0.85407,44551,30,0
2022-02-22,0.85356,0.86095,0.85257,0.85927,67451,29,0
2022-02-23,0.85913,0.8641,0.85867,0.86153,55354,29,0
2022-02-24,0.86181,0.86246,0.85305,0.8572,105463,29,0
2022-02-25,0.8572,0.86133,0.85589,0.8564,73673,29,0
2022-02-28,0.8522,0.85954,0.85118,0.85825,76117,29,0
2022-03-01,0.85762,0.86124,0.85579,0.86028,63269,29,0
2022-03-02,0.86005,0.86273,0.85601,0.85678,63705,29,0
2022-03-03,0.85683,0.86254,0.85356,0.86179,56904,29,0
2022-03-04,0.86179,0.87482,0.86012,0.87346,70622,29,0
2022-03-07,0.87195,0.88067,0.87123,0.87448,82032,29,0
2022-03-08,0.87363,0.87904,0.87207,0.87657,88384,29,0
2022-03-09,0.87653,0.87889,0.87475,0.87505,65824,29,0
2022-03-10,0.87505,0.87904,0.87371,0.87558,61815,30,0
2022-03-11,0.87558,0.87684,0.86531,0.86751,59338,29,0
2022-03-14,0.86624,0.86774,0.86376,0.86465,62277,29,0
2022-03-15,0.86453,0.87058,0.86291,0.86391,58447,29,0
2022-03-16,0.86374,0.869,0.86085,0.8645,63739,29,0
2022-03-17,0.86441,0.87168,0.86441,0.86843,54162,29,0
2022-03-18,0.86791,0.87202,0.86683,0.87016,50986,29,0
2022-03-21,0.86936,0.87188,0.86499,0.86681,48065,30,0
2022-03-22,0.86687,0.87589,0.86463,0.87493,46450,29,0
2022-03-23,0.87493,0.87788,0.87243,0.87563,47105,30,0
2022-03-24,0.87563,0.87632,0.87,0.87152,47479,29,0
2022-03-25,0.8715,0.87502,0.86779,0.86779,49050,30,0
2022-03-28,0.8665,0.86897,0.86245,0.86263,55364,29,0
2022-03-29,0.8623,0.86767,0.86013,0.86635,56669,30,0
2022-03-30,0.86635,0.87193,0.86445,0.87018,49610,29,0
2022-03-31,0.8702,0.87207,0.8648,0.86675,50148,30,0
2022-04-01,0.86675,0.86823,0.86299,0.86565,47407,29,0
2022-04-04,0.86523,0.86989,0.86485,0.8673,37966,30,0
2022-04-05,0.86719,0.87282,0.86591,0.8669,46556,29,0
2022-04-06,0.86684,0.87015,0.86474,0.86725,50346,29,0
2022-04-07,0.86725,0.86896,0.8651,0.8673,44606,29,0
2022-04-08,0.86682,0.86763,0.85981,0.86081,41292,29,0
2022-04-11,0.85938,0.86313,0.85899,0.86168,46162,31,0
2022-04-12,0.86181,0.86848,0.86102,0.86584,49203,30,0
2022-04-13,0.86568,0.87066,0.852,0.85327,44941,29,0
2022-04-14,0.85335,0.85737,0.85188,0.85457,40795,30,0
2022-04-15,0.85457,0.85776,0.85138,0.8524,41470,32,0
2022-04-18,0.85384,0.85422,0.84738,0.8474,35031,31,0
2022-04-19,0.8474,0.8512,0.84659,0.84945,44900,29,0
2022-04-20,0.84871,0.85294,0.84766,0.85031,45813,29,0
2022-04-21,0.85031,0.85069,0.84325,0.84665,45859,29,0
2022-04-22,0.84669,0.84732,0.84125,0.8434,50451,29,0
2022-04-25,0.84287,0.8443,0.83846,0.84255,62151,29,0
2022-04-26,0.84168,0.84726,0.84112,0.84112,52521,32,0
2022-04-27,0.84118,0.84544,0.83802,0.8382,53878,29,0
2022-04-28,0.83804,0.83868,0.82804,0.83051,53215,30,0
2022-04-29,0.83033,0.8331,0.8277,0.8299,49577,30,0
2022-05-02,0.82886,0.83161,0.82625,0.82836,50339,29,0
2022-05-03,0.82836,0.8311,0.8247,0.82583,49593,29,0
2022-05-04,0.82583,0.835,0.82445,0.83291,53337,29,0
2022-05-05,0.83293,0.83599,0.82184,0.82423,57794,30,0
2022-05-06,0.82433,0.82921,0.82228,0.8264,64152,31,0
2022-05-09,0.82585,0.82641,0.81975,0.82226,58303,30,0
2022-05-10,0.82209,0.82452,0.81808,0.8191,68980,29,0
2022-05-11,0.81906,0.82441,0.817,0.81729,62457,31,0
2022-05-12,0.81729,0.81755,0.81199,0.81202,68991,29,0
2022-05-13,0.81193,0.8136,0.8085,0.81167,49676,29,0
2022-05-16,0.80998,0.81336,0.8071,0.81036,55710,29,0
2022-05-17,0.80999,0.81695,0.80952,0.81453,51974,29,0
2022-05-18,0.81466,0.81654,0.8106,0.81119,47690,29,0
2022-05-19,0.81132,0.82091,0.80955,0.81805,70642,29,0
2022-05-20,0.81807,0.82324,0.81623,0.82235,60173,29,0
2022-05-23,0.82196,0.82911,0.8208,0.82549,52491,29,0
2022-05-24,0.82573,0.82818,0.82254,0.82813,57132,29,0
2022-05-25,0.82782,0.83512,0.82355,0.82988,56657,29,0
2022-05-26,0.82975,0.83215,0.82504,0.82707,50158,30,0
2022-05-27,0.82696,0.83411,0.82682,0.8311,47056,29,0
2022-05-30,0.83279,0.83279,0.82818,0.82885,32129,32,0
2022-05-31,0.82935,0.83041,0.8207,0.82294,53252,29,0
2022-06-01,0.82398,0.82535,0.81824,0.82049,50895,29,0
2022-06-02,0.82019,0.82525,0.81932,0.82433,43367,31,0
2022-06-03,0.82415,0.82578,0.81811,0.8192,45128,30,0
2022-06-06,0.82015,0.82075,0.81539,0.81628,40293,29,0
2022-06-07,0.81618,0.81665,0.80921,0.81344,50371,29,0
2022-06-08,0.81367,0.81367,0.80773,0.81084,44506,29,0
2022-06-09,0.81064,0.81183,0.808,0.8117,51764,29,0
2022-06-10,0.8117,0.81832,0.81024,0.81185,55549,29,0
2022-06-13,0.81111,0.813,0.80492,0.80693,68421,29,0
2022-06-14,0.8073,0.81035,0.80277,0.80466,74070,29,0
2022-06-15,0.80475,0.81295,0.8042,0.8116,77770,29,0
2022-06-16,0.8116,0.8253,0.80706,0.82354,75676,30,0
2022-06-17,0.82355,0.82451,0.81913,0.8222,79109,29,0
2022-06-20,0.82126,0.82665,0.82061,0.82254,43819,33,0
2022-06-21,0.82269,0.82279,0.81699,0.8181,52429,29,0
2022-06-22,0.81738,0.81844,0.8106,0.81214,56006,29,0
2022-06-23,0.81222,0.81681,0.81049,0.81471,58669,29,0
2022-06-24,0.81587,0.8184,0.81376,0.81386,51992,30,0
2022-06-27,0.81374,0.81506,0.81019,0.81222,54873,29,0
2022-06-28,0.81214,0.81214,0.8024,0.80299,55719,29,0
2022-06-29,0.80269,0.80482,0.79938,0.80199,62890,30,0
2022-06-30,0.80186,0.80556,0.79982,0.80332,68252,29,0
2022-07-01,0.80335,0.8037,0.79597,0.79905,70906,29,0
2022-07-04,0.79748,0.80295,0.79717,0.79824,42880,32,0
2022-07-05,0.79824,0.80434,0.79436,0.80429,69073,29,0
2022-07-06,0.80371,0.80581,0.80077,0.80139,72416,30,0
2022-07-07,0.80124,0.80532,0.79939,0.80057,55412,29,0
2022-07-08,0.80074,0.80366,0.79858,0.80041,60024,29,0
2022-07-11,0.8003,0.80166,0.79394,0.79427,56447,30,0
2022-07-12,0.79429,0.79967,0.79325,0.79847,61920,29,0
2022-07-13,0.79857,0.79956,0.79055,0.79572,72085,29,0
2022-07-14,0.7951,0.80377,0.79338,0.80377,75466,29,0
2022-07-15,0.80377,0.80488,0.80075,0.80188,61556,29,0
2022-07-18,0.80085,0.80595,0.79656,0.79866,49184,31,0
2022-07-19,0.7985,0.80723,0.79721,0.80103,53123,29,0
2022-07-20,0.80103,0.80655,0.80027,0.80235,53391,30,0
2022-07-21,0.80235,0.80448,0.79893,0.80445,59344,30,0
2022-07-22,0.80422,0.80892,0.80079,0.80745,53574,30,0
2022-07-25,0.80804,0.80885,0.80367,0.80428,50285,29,0
2022-07-26,0.80423,0.8056,0.8016,0.80257,45723,29,0
2022-07-27,0.80251,0.80415,0.79804,0.80311,47670,30,0
2022-07-28,0.80297,0.8064,0.80155,0.80544,45353,32,0
2022-07-29,0.8055,0.80931,0.79863,0.80493,58060,29,0
2022-08-01,0.80377,0.81419,0.80362,0.81275,44787,31,0
2022-08-02,0.81278,0.8142,0.8041,0.80524,54228,31,0
2022-08-03,0.80503,0.8063,0.8007,0.80568,51706,30,0
2022-08-04,0.80597,0.81095,0.80348,0.81042,46834,29,0
2022-08-05,0.81,0.8118,0.80589,0.80732,44003,31,0
2022-08-08,0.80809,0.81128,0.80536,0.80805,40523,29,0
2022-08-09,0.80779,0.81003,0.80666,0.80989,38964,30,0
2022-08-10,0.81034,0.82145,0.80892,0.81774,45570,29,0
2022-08-11,0.81757,0.82355,0.81623,0.82044,45733,32,0
2022-08-12,0.82043,0.82513,0.81998,0.82423,39534,29,0
2022-08-15,0.82328,0.8246,0.81948,0.82103,41448,30,0
2022-08-16,0.82129,0.82157,0.81408,0.81484,42884,31,0
2022-08-17,0.81462,0.81967,0.80881,0.81073,50782,31,0
2022-08-18,0.81144,0.81296,0.8082,0.81003,47204,30,0
2022-08-19,0.81003,0.81092,0.80104,0.802,43053,31,0
2022-08-22,0.80267,0.80681,0.80147,0.80492,45891,29,0
2022-08-23,0.80509,0.80836,0.803,0.80456,51279,31,0
2022-08-24,0.80456,0.80555,0.80154,0.80244,45044,31,0
2022-08-25,0.80244,0.80637,0.80117,0.80454,44272,29,0
2022-08-26,0.80454,0.80577,0.79886,0.79995,53726,29,0
2022-08-29,0.7982,0.80142,0.79727,0.80054,61264,32,0
2022-08-30,0.80097,0.8047,0.79833,0.80219,62253,29,0
2022-08-31,0.80219,0.80472,0.80155,0.80289,64757,31,0
2022-09-01,0.80289,0.8054,0.79787,0.79955,66020,30,0
2022-09-02,0.79955,0.80408,0.79608,0.80202,66031,29,0
2022-09-05,0.79814,0.8024,0.79802,0.80074,43963,30,0
2022-09-06,0.80074,0.8027,0.79345,0.79392,70227,29,0
2022-09-07,0.79403,0.79727,0.79103,0.79677,69315,30,0
2022-09-08,0.79677,0.79883,0.79159,0.79224,62918,29,0
2022-09-09,0.79228,0.79885,0.79181,0.79475,59878,30,0
2022-09-12,0.79377,0.79961,0.7932,0.79682,50474,29,0
2022-09-13,0.79682,0.79827,0.78745,0.78967,59265,29,0
2022-09-14,0.78967,0.79186,0.78834,0.79032,61359,30,0
2022-09-15,0.79022,0.79262,0.78828,0.78893,52447,29,0
2022-09-16,0.78893,0.79555,0.78846,0.79445,51829,29,0
2022-09-19,0.79461,0.79525,0.78805,0.78961,51481,29,0
2022-09-20,0.78957,0.79033,0.78354,0.78751,51762,29,0
2022-09-21,0.78734,0.79055,0.78435,0.78747,64616,29,0
2022-09-22,0.78789,0.78989,0.7851,0.78834,82363,29,0
2022-09-23,0.78807,0.78865,0.77953,0.7807,72166,29,0
2022-09-26,0.78194,0.78194,0.77377,0.77895,28571,29,0
